Copyright 1986-2022 Xilinx, Inc. All Rights Reserved. Copyright 2022-2024 Advanced Micro Devices, Inc. All Rights Reserved.
------------------------------------------------------------------------------------------------------------------------------------------------------------------------------------------------------------------------------------
| Tool Version : Vivado v.2024.2 (win64) Build 5239630 Fri Nov 08 22:35:27 MST 2024
| Date         : Wed Feb 12 22:41:02 2025
| Host         : JjNitro running 64-bit major release  (build 9200)
| Command      : report_timing_summary -max_paths 10 -report_unconstrained -file terminal_demo_timing_summary_routed.rpt -pb terminal_demo_timing_summary_routed.pb -rpx terminal_demo_timing_summary_routed.rpx -warn_on_violation
| Design       : terminal_demo
| Device       : 7a100t-csg324
| Speed File   : -1  PRODUCTION 1.23 2018-06-13
| Design State : Routed
------------------------------------------------------------------------------------------------------------------------------------------------------------------------------------------------------------------------------------

Timing Summary Report

------------------------------------------------------------------------------------------------
| Timer Settings
| --------------
------------------------------------------------------------------------------------------------

  Enable Multi Corner Analysis               :  Yes
  Enable Pessimism Removal                   :  Yes
  Pessimism Removal Resolution               :  Nearest Common Node
  Enable Input Delay Default Clock           :  No
  Enable Preset / Clear Arcs                 :  No
  Disable Flight Delays                      :  No
  Ignore I/O Paths                           :  No
  Timing Early Launch at Borrowing Latches   :  No
  Borrow Time for Max Delay Exceptions       :  Yes
  Merge Timing Exceptions                    :  Yes
  Inter-SLR Compensation                     :  Conservative

  Corner  Analyze    Analyze    
  Name    Max Paths  Min Paths  
  ------  ---------  ---------  
  Slow    Yes        Yes        
  Fast    Yes        Yes        


------------------------------------------------------------------------------------------------
| Report Methodology
| ------------------
------------------------------------------------------------------------------------------------

Rule       Severity  Description                    Violations  
---------  --------  -----------------------------  ----------  
LUTAR-1    Warning   LUT drives async reset alert   2           
TIMING-18  Warning   Missing input or output delay  30          

Note: This report is based on the most recent report_methodology run and may not be up-to-date. Run report_methodology on the current design for the latest report.



check_timing report

Table of Contents
-----------------
1. checking no_clock (0)
2. checking constant_clock (0)
3. checking pulse_width_clock (0)
4. checking unconstrained_internal_endpoints (0)
5. checking no_input_delay (12)
6. checking no_output_delay (14)
7. checking multiple_clock (0)
8. checking generated_clocks (0)
9. checking loops (0)
10. checking partial_input_delay (0)
11. checking partial_output_delay (0)
12. checking latch_loops (0)

1. checking no_clock (0)
------------------------
 There are 0 register/latch pins with no clock.


2. checking constant_clock (0)
------------------------------
 There are 0 register/latch pins with constant_clock.


3. checking pulse_width_clock (0)
---------------------------------
 There are 0 register/latch pins which need pulse_width check


4. checking unconstrained_internal_endpoints (0)
------------------------------------------------
 There are 0 pins that are not constrained for maximum delay.

 There are 0 pins that are not constrained for maximum delay due to constant clock.


5. checking no_input_delay (12)
-------------------------------
 There are 12 input ports with no input delay specified. (HIGH)

 There are 0 input ports with no input delay but user has a false path constraint.


6. checking no_output_delay (14)
--------------------------------
 There are 14 ports with no output delay specified. (HIGH)

 There are 0 ports with no output delay but user has a false path constraint

 There are 0 ports with no output delay but with a timing clock defined on it or propagating through it


7. checking multiple_clock (0)
------------------------------
 There are 0 register/latch pins with multiple clocks.


8. checking generated_clocks (0)
--------------------------------
 There are 0 generated clocks that are not connected to a clock source.


9. checking loops (0)
---------------------
 There are 0 combinational loops in the design.


10. checking partial_input_delay (0)
------------------------------------
 There are 0 input ports with partial input delay specified.


11. checking partial_output_delay (0)
-------------------------------------
 There are 0 ports with partial output delay specified.


12. checking latch_loops (0)
----------------------------
 There are 0 combinational latch loops in the design through latch input



------------------------------------------------------------------------------------------------
| Design Timing Summary
| ---------------------
------------------------------------------------------------------------------------------------

    WNS(ns)      TNS(ns)  TNS Failing Endpoints  TNS Total Endpoints      WHS(ns)      THS(ns)  THS Failing Endpoints  THS Total Endpoints     WPWS(ns)     TPWS(ns)  TPWS Failing Endpoints  TPWS Total Endpoints  
    -------      -------  ---------------------  -------------------      -------      -------  ---------------------  -------------------     --------     --------  ----------------------  --------------------  
      3.586        0.000                      0                  497        0.081        0.000                      0                  497        4.500        0.000                       0                   245  


All user specified timing constraints are met.


------------------------------------------------------------------------------------------------
| Clock Summary
| -------------
------------------------------------------------------------------------------------------------

Clock        Waveform(ns)       Period(ns)      Frequency(MHz)
-----        ------------       ----------      --------------
sys_clk_pin  {0.000 5.000}      10.000          100.000         


------------------------------------------------------------------------------------------------
| Intra Clock Table
| -----------------
------------------------------------------------------------------------------------------------

Clock             WNS(ns)      TNS(ns)  TNS Failing Endpoints  TNS Total Endpoints      WHS(ns)      THS(ns)  THS Failing Endpoints  THS Total Endpoints     WPWS(ns)     TPWS(ns)  TPWS Failing Endpoints  TPWS Total Endpoints  
-----             -------      -------  ---------------------  -------------------      -------      -------  ---------------------  -------------------     --------     --------  ----------------------  --------------------  
sys_clk_pin         3.586        0.000                      0                  455        0.081        0.000                      0                  455        4.500        0.000                       0                   245  


------------------------------------------------------------------------------------------------
| Inter Clock Table
| -----------------
------------------------------------------------------------------------------------------------

From Clock    To Clock          WNS(ns)      TNS(ns)  TNS Failing Endpoints  TNS Total Endpoints      WHS(ns)      THS(ns)  THS Failing Endpoints  THS Total Endpoints  
----------    --------          -------      -------  ---------------------  -------------------      -------      -------  ---------------------  -------------------  


------------------------------------------------------------------------------------------------
| Other Path Groups Table
| -----------------------
------------------------------------------------------------------------------------------------

Path Group         From Clock         To Clock               WNS(ns)      TNS(ns)  TNS Failing Endpoints  TNS Total Endpoints      WHS(ns)      THS(ns)  THS Failing Endpoints  THS Total Endpoints  
----------         ----------         --------               -------      -------  ---------------------  -------------------      -------      -------  ---------------------  -------------------  
**async_default**  sys_clk_pin        sys_clk_pin              6.916        0.000                      0                   42        0.608        0.000                      0                   42  


------------------------------------------------------------------------------------------------
| User Ignored Path Table
| -----------------------
------------------------------------------------------------------------------------------------

Path Group    From Clock    To Clock    
----------    ----------    --------    


------------------------------------------------------------------------------------------------
| Unconstrained Path Table
| ------------------------
------------------------------------------------------------------------------------------------

Path Group    From Clock    To Clock    
----------    ----------    --------    
(none)                                    
(none)        sys_clk_pin                 
(none)                      sys_clk_pin   


------------------------------------------------------------------------------------------------
| Timing Details
| --------------
------------------------------------------------------------------------------------------------


---------------------------------------------------------------------------------------------------
From Clock:  sys_clk_pin
  To Clock:  sys_clk_pin

Setup :            0  Failing Endpoints,  Worst Slack        3.586ns,  Total Violation        0.000ns
Hold  :            0  Failing Endpoints,  Worst Slack        0.081ns,  Total Violation        0.000ns
PW    :            0  Failing Endpoints,  Worst Slack        4.500ns,  Total Violation        0.000ns
---------------------------------------------------------------------------------------------------


Max Delay Paths
--------------------------------------------------------------------------------------
Slack (MET) :             3.586ns  (required time - arrival time)
  Source:                 uart_driver/baud_rate_generator/Q_reg_reg[7]/C
                            (rising edge-triggered cell FDCE clocked by sys_clk_pin  {rise@0.000ns fall@5.000ns period=10.000ns})
  Destination:            <hidden>
                            (rising edge-triggered cell FDRE clocked by sys_clk_pin  {rise@0.000ns fall@5.000ns period=10.000ns})
  Path Group:             sys_clk_pin
  Path Type:              Setup (Max at Slow Process Corner)
  Requirement:            10.000ns  (sys_clk_pin rise@10.000ns - sys_clk_pin rise@0.000ns)
  Data Path Delay:        6.227ns  (logic 1.500ns (24.088%)  route 4.727ns (75.912%))
  Logic Levels:           5  (LUT4=3 LUT5=2)
  Clock Path Skew:        -0.122ns (DCD - SCD + CPR)
    Destination Clock Delay (DCD):    4.942ns = ( 14.942 - 10.000 ) 
    Source Clock Delay      (SCD):    5.323ns
    Clock Pessimism Removal (CPR):    0.259ns
  Clock Uncertainty:      0.035ns  ((TSJ^2 + TIJ^2)^1/2 + DJ) / 2 + PE
    Total System Jitter     (TSJ):    0.071ns
    Total Input Jitter      (TIJ):    0.000ns
    Discrete Jitter          (DJ):    0.000ns
    Phase Error              (PE):    0.000ns

    Location             Delay type                Incr(ns)  Path(ns)    Netlist Resource(s)
  -------------------------------------------------------------------    -------------------
                         (clock sys_clk_pin rise edge)
                                                      0.000     0.000 r  
    E3                                                0.000     0.000 r  clk (IN)
                         net (fo=0)                   0.000     0.000    clk
    E3                   IBUF (Prop_ibuf_I_O)         1.482     1.482 r  clk_IBUF_inst/O
                         net (fo=1, routed)           2.025     3.506    clk_IBUF
    BUFGCTRL_X0Y16       BUFG (Prop_bufg_I_O)         0.096     3.602 r  clk_IBUF_BUFG_inst/O
                         net (fo=244, routed)         1.720     5.323    uart_driver/baud_rate_generator/clk_IBUF_BUFG
    SLICE_X3Y85          FDCE                                         r  uart_driver/baud_rate_generator/Q_reg_reg[7]/C
  -------------------------------------------------------------------    -------------------
    SLICE_X3Y85          FDCE (Prop_fdce_C_Q)         0.456     5.779 f  uart_driver/baud_rate_generator/Q_reg_reg[7]/Q
                         net (fo=5, routed)           0.871     6.649    uart_driver/baud_rate_generator/Q_reg_reg[7]
    SLICE_X3Y85          LUT4 (Prop_lut4_I0_O)        0.124     6.773 r  uart_driver/baud_rate_generator/rx_FIFO_i_4/O
                         net (fo=7, routed)           0.694     7.468    uart_driver/baud_rate_generator/Q_reg_reg[7]_0
    SLICE_X3Y86          LUT5 (Prop_lut5_I3_O)        0.150     7.618 f  uart_driver/baud_rate_generator/FSM_sequential_state_reg[1]_i_2__1/O
                         net (fo=11, routed)          0.776     8.393    uart_driver/transmitter/FSM_sequential_state_reg_reg[0]_0
    SLICE_X4Y84          LUT4 (Prop_lut4_I1_O)        0.320     8.713 f  uart_driver/transmitter/tx_FIFO_i_2/O
                         net (fo=9, routed)           1.043     9.756    <hidden>
    SLICE_X8Y86          LUT4 (Prop_lut4_I1_O)        0.326    10.082 f  <hidden>
                         net (fo=22, routed)          0.732    10.814    <hidden>
    SLICE_X8Y84          LUT5 (Prop_lut5_I3_O)        0.124    10.938 r  <hidden>
                         net (fo=2, routed)           0.612    11.550    <hidden>
    SLICE_X8Y86          FDRE                                         r  <hidden>
  -------------------------------------------------------------------    -------------------

                         (clock sys_clk_pin rise edge)
                                                     10.000    10.000 r  
    E3                                                0.000    10.000 r  clk (IN)
                         net (fo=0)                   0.000    10.000    clk
    E3                   IBUF (Prop_ibuf_I_O)         1.411    11.411 r  clk_IBUF_inst/O
                         net (fo=1, routed)           1.920    13.331    clk_IBUF
    BUFGCTRL_X0Y16       BUFG (Prop_bufg_I_O)         0.091    13.422 r  clk_IBUF_BUFG_inst/O
                         net (fo=244, routed)         1.519    14.942    <hidden>
    SLICE_X8Y86          FDRE                                         r  <hidden>
                         clock pessimism              0.259    15.201    
                         clock uncertainty           -0.035    15.165    
    SLICE_X8Y86          FDRE (Setup_fdre_C_D)       -0.030    15.135    <hidden>
  -------------------------------------------------------------------
                         required time                         15.135    
                         arrival time                         -11.550    
  -------------------------------------------------------------------
                         slack                                  3.586    

Slack (MET) :             3.931ns  (required time - arrival time)
  Source:                 uart_driver/baud_rate_generator/Q_reg_reg[7]/C
                            (rising edge-triggered cell FDCE clocked by sys_clk_pin  {rise@0.000ns fall@5.000ns period=10.000ns})
  Destination:            <hidden>
                            (rising edge-triggered cell FDSE clocked by sys_clk_pin  {rise@0.000ns fall@5.000ns period=10.000ns})
  Path Group:             sys_clk_pin
  Path Type:              Setup (Max at Slow Process Corner)
  Requirement:            10.000ns  (sys_clk_pin rise@10.000ns - sys_clk_pin rise@0.000ns)
  Data Path Delay:        5.850ns  (logic 1.500ns (25.640%)  route 4.350ns (74.360%))
  Logic Levels:           5  (LUT4=3 LUT5=1 LUT6=1)
  Clock Path Skew:        -0.122ns (DCD - SCD + CPR)
    Destination Clock Delay (DCD):    4.942ns = ( 14.942 - 10.000 ) 
    Source Clock Delay      (SCD):    5.323ns
    Clock Pessimism Removal (CPR):    0.259ns
  Clock Uncertainty:      0.035ns  ((TSJ^2 + TIJ^2)^1/2 + DJ) / 2 + PE
    Total System Jitter     (TSJ):    0.071ns
    Total Input Jitter      (TIJ):    0.000ns
    Discrete Jitter          (DJ):    0.000ns
    Phase Error              (PE):    0.000ns

    Location             Delay type                Incr(ns)  Path(ns)    Netlist Resource(s)
  -------------------------------------------------------------------    -------------------
                         (clock sys_clk_pin rise edge)
                                                      0.000     0.000 r  
    E3                                                0.000     0.000 r  clk (IN)
                         net (fo=0)                   0.000     0.000    clk
    E3                   IBUF (Prop_ibuf_I_O)         1.482     1.482 r  clk_IBUF_inst/O
                         net (fo=1, routed)           2.025     3.506    clk_IBUF
    BUFGCTRL_X0Y16       BUFG (Prop_bufg_I_O)         0.096     3.602 r  clk_IBUF_BUFG_inst/O
                         net (fo=244, routed)         1.720     5.323    uart_driver/baud_rate_generator/clk_IBUF_BUFG
    SLICE_X3Y85          FDCE                                         r  uart_driver/baud_rate_generator/Q_reg_reg[7]/C
  -------------------------------------------------------------------    -------------------
    SLICE_X3Y85          FDCE (Prop_fdce_C_Q)         0.456     5.779 r  uart_driver/baud_rate_generator/Q_reg_reg[7]/Q
                         net (fo=5, routed)           0.871     6.649    uart_driver/baud_rate_generator/Q_reg_reg[7]
    SLICE_X3Y85          LUT4 (Prop_lut4_I0_O)        0.124     6.773 f  uart_driver/baud_rate_generator/rx_FIFO_i_4/O
                         net (fo=7, routed)           0.694     7.468    uart_driver/baud_rate_generator/Q_reg_reg[7]_0
    SLICE_X3Y86          LUT5 (Prop_lut5_I3_O)        0.150     7.618 r  uart_driver/baud_rate_generator/FSM_sequential_state_reg[1]_i_2__1/O
                         net (fo=11, routed)          0.776     8.393    uart_driver/transmitter/FSM_sequential_state_reg_reg[0]_0
    SLICE_X4Y84          LUT4 (Prop_lut4_I1_O)        0.320     8.713 r  uart_driver/transmitter/tx_FIFO_i_2/O
                         net (fo=9, routed)           1.043     9.756    <hidden>
    SLICE_X8Y86          LUT4 (Prop_lut4_I1_O)        0.326    10.082 r  <hidden>
                         net (fo=22, routed)          0.364    10.447    <hidden>
    SLICE_X9Y86          LUT6 (Prop_lut6_I0_O)        0.124    10.571 r  <hidden>
                         net (fo=2, routed)           0.602    11.173    <hidden>
    SLICE_X9Y86          FDSE                                         r  <hidden>
  -------------------------------------------------------------------    -------------------

                         (clock sys_clk_pin rise edge)
                                                     10.000    10.000 r  
    E3                                                0.000    10.000 r  clk (IN)
                         net (fo=0)                   0.000    10.000    clk
    E3                   IBUF (Prop_ibuf_I_O)         1.411    11.411 r  clk_IBUF_inst/O
                         net (fo=1, routed)           1.920    13.331    clk_IBUF
    BUFGCTRL_X0Y16       BUFG (Prop_bufg_I_O)         0.091    13.422 r  clk_IBUF_BUFG_inst/O
                         net (fo=244, routed)         1.519    14.942    <hidden>
    SLICE_X9Y86          FDSE                                         r  <hidden>
                         clock pessimism              0.259    15.201    
                         clock uncertainty           -0.035    15.165    
    SLICE_X9Y86          FDSE (Setup_fdse_C_D)       -0.061    15.104    <hidden>
  -------------------------------------------------------------------
                         required time                         15.104    
                         arrival time                         -11.173    
  -------------------------------------------------------------------
                         slack                                  3.931    

Slack (MET) :             4.062ns  (required time - arrival time)
  Source:                 uart_driver/baud_rate_generator/Q_reg_reg[7]/C
                            (rising edge-triggered cell FDCE clocked by sys_clk_pin  {rise@0.000ns fall@5.000ns period=10.000ns})
  Destination:            <hidden>
                            (rising edge-triggered cell FDRE clocked by sys_clk_pin  {rise@0.000ns fall@5.000ns period=10.000ns})
  Path Group:             sys_clk_pin
  Path Type:              Setup (Max at Slow Process Corner)
  Requirement:            10.000ns  (sys_clk_pin rise@10.000ns - sys_clk_pin rise@0.000ns)
  Data Path Delay:        5.577ns  (logic 1.376ns (24.674%)  route 4.201ns (75.326%))
  Logic Levels:           4  (LUT4=3 LUT5=1)
  Clock Path Skew:        -0.121ns (DCD - SCD + CPR)
    Destination Clock Delay (DCD):    4.943ns = ( 14.943 - 10.000 ) 
    Source Clock Delay      (SCD):    5.323ns
    Clock Pessimism Removal (CPR):    0.259ns
  Clock Uncertainty:      0.035ns  ((TSJ^2 + TIJ^2)^1/2 + DJ) / 2 + PE
    Total System Jitter     (TSJ):    0.071ns
    Total Input Jitter      (TIJ):    0.000ns
    Discrete Jitter          (DJ):    0.000ns
    Phase Error              (PE):    0.000ns

    Location             Delay type                Incr(ns)  Path(ns)    Netlist Resource(s)
  -------------------------------------------------------------------    -------------------
                         (clock sys_clk_pin rise edge)
                                                      0.000     0.000 r  
    E3                                                0.000     0.000 r  clk (IN)
                         net (fo=0)                   0.000     0.000    clk
    E3                   IBUF (Prop_ibuf_I_O)         1.482     1.482 r  clk_IBUF_inst/O
                         net (fo=1, routed)           2.025     3.506    clk_IBUF
    BUFGCTRL_X0Y16       BUFG (Prop_bufg_I_O)         0.096     3.602 r  clk_IBUF_BUFG_inst/O
                         net (fo=244, routed)         1.720     5.323    uart_driver/baud_rate_generator/clk_IBUF_BUFG
    SLICE_X3Y85          FDCE                                         r  uart_driver/baud_rate_generator/Q_reg_reg[7]/C
  -------------------------------------------------------------------    -------------------
    SLICE_X3Y85          FDCE (Prop_fdce_C_Q)         0.456     5.779 r  uart_driver/baud_rate_generator/Q_reg_reg[7]/Q
                         net (fo=5, routed)           0.871     6.649    uart_driver/baud_rate_generator/Q_reg_reg[7]
    SLICE_X3Y85          LUT4 (Prop_lut4_I0_O)        0.124     6.773 f  uart_driver/baud_rate_generator/rx_FIFO_i_4/O
                         net (fo=7, routed)           0.694     7.468    uart_driver/baud_rate_generator/Q_reg_reg[7]_0
    SLICE_X3Y86          LUT5 (Prop_lut5_I3_O)        0.150     7.618 r  uart_driver/baud_rate_generator/FSM_sequential_state_reg[1]_i_2__1/O
                         net (fo=11, routed)          0.776     8.393    uart_driver/transmitter/FSM_sequential_state_reg_reg[0]_0
    SLICE_X4Y84          LUT4 (Prop_lut4_I1_O)        0.320     8.713 r  uart_driver/transmitter/tx_FIFO_i_2/O
                         net (fo=9, routed)           1.043     9.756    <hidden>
    SLICE_X8Y86          LUT4 (Prop_lut4_I1_O)        0.326    10.082 r  <hidden>
                         net (fo=22, routed)          0.817    10.899    <hidden>
    SLICE_X11Y83         FDRE                                         r  <hidden>
  -------------------------------------------------------------------    -------------------

                         (clock sys_clk_pin rise edge)
                                                     10.000    10.000 r  
    E3                                                0.000    10.000 r  clk (IN)
                         net (fo=0)                   0.000    10.000    clk
    E3                   IBUF (Prop_ibuf_I_O)         1.411    11.411 r  clk_IBUF_inst/O
                         net (fo=1, routed)           1.920    13.331    clk_IBUF
    BUFGCTRL_X0Y16       BUFG (Prop_bufg_I_O)         0.091    13.422 r  clk_IBUF_BUFG_inst/O
                         net (fo=244, routed)         1.520    14.943    <hidden>
    SLICE_X11Y83         FDRE                                         r  <hidden>
                         clock pessimism              0.259    15.202    
                         clock uncertainty           -0.035    15.166    
    SLICE_X11Y83         FDRE (Setup_fdre_C_CE)      -0.205    14.961    <hidden>
  -------------------------------------------------------------------
                         required time                         14.961    
                         arrival time                         -10.899    
  -------------------------------------------------------------------
                         slack                                  4.062    

Slack (MET) :             4.062ns  (required time - arrival time)
  Source:                 uart_driver/baud_rate_generator/Q_reg_reg[7]/C
                            (rising edge-triggered cell FDCE clocked by sys_clk_pin  {rise@0.000ns fall@5.000ns period=10.000ns})
  Destination:            <hidden>
                            (rising edge-triggered cell FDRE clocked by sys_clk_pin  {rise@0.000ns fall@5.000ns period=10.000ns})
  Path Group:             sys_clk_pin
  Path Type:              Setup (Max at Slow Process Corner)
  Requirement:            10.000ns  (sys_clk_pin rise@10.000ns - sys_clk_pin rise@0.000ns)
  Data Path Delay:        5.577ns  (logic 1.376ns (24.674%)  route 4.201ns (75.326%))
  Logic Levels:           4  (LUT4=3 LUT5=1)
  Clock Path Skew:        -0.121ns (DCD - SCD + CPR)
    Destination Clock Delay (DCD):    4.943ns = ( 14.943 - 10.000 ) 
    Source Clock Delay      (SCD):    5.323ns
    Clock Pessimism Removal (CPR):    0.259ns
  Clock Uncertainty:      0.035ns  ((TSJ^2 + TIJ^2)^1/2 + DJ) / 2 + PE
    Total System Jitter     (TSJ):    0.071ns
    Total Input Jitter      (TIJ):    0.000ns
    Discrete Jitter          (DJ):    0.000ns
    Phase Error              (PE):    0.000ns

    Location             Delay type                Incr(ns)  Path(ns)    Netlist Resource(s)
  -------------------------------------------------------------------    -------------------
                         (clock sys_clk_pin rise edge)
                                                      0.000     0.000 r  
    E3                                                0.000     0.000 r  clk (IN)
                         net (fo=0)                   0.000     0.000    clk
    E3                   IBUF (Prop_ibuf_I_O)         1.482     1.482 r  clk_IBUF_inst/O
                         net (fo=1, routed)           2.025     3.506    clk_IBUF
    BUFGCTRL_X0Y16       BUFG (Prop_bufg_I_O)         0.096     3.602 r  clk_IBUF_BUFG_inst/O
                         net (fo=244, routed)         1.720     5.323    uart_driver/baud_rate_generator/clk_IBUF_BUFG
    SLICE_X3Y85          FDCE                                         r  uart_driver/baud_rate_generator/Q_reg_reg[7]/C
  -------------------------------------------------------------------    -------------------
    SLICE_X3Y85          FDCE (Prop_fdce_C_Q)         0.456     5.779 r  uart_driver/baud_rate_generator/Q_reg_reg[7]/Q
                         net (fo=5, routed)           0.871     6.649    uart_driver/baud_rate_generator/Q_reg_reg[7]
    SLICE_X3Y85          LUT4 (Prop_lut4_I0_O)        0.124     6.773 f  uart_driver/baud_rate_generator/rx_FIFO_i_4/O
                         net (fo=7, routed)           0.694     7.468    uart_driver/baud_rate_generator/Q_reg_reg[7]_0
    SLICE_X3Y86          LUT5 (Prop_lut5_I3_O)        0.150     7.618 r  uart_driver/baud_rate_generator/FSM_sequential_state_reg[1]_i_2__1/O
                         net (fo=11, routed)          0.776     8.393    uart_driver/transmitter/FSM_sequential_state_reg_reg[0]_0
    SLICE_X4Y84          LUT4 (Prop_lut4_I1_O)        0.320     8.713 r  uart_driver/transmitter/tx_FIFO_i_2/O
                         net (fo=9, routed)           1.043     9.756    <hidden>
    SLICE_X8Y86          LUT4 (Prop_lut4_I1_O)        0.326    10.082 r  <hidden>
                         net (fo=22, routed)          0.817    10.899    <hidden>
    SLICE_X11Y83         FDRE                                         r  <hidden>
  -------------------------------------------------------------------    -------------------

                         (clock sys_clk_pin rise edge)
                                                     10.000    10.000 r  
    E3                                                0.000    10.000 r  clk (IN)
                         net (fo=0)                   0.000    10.000    clk
    E3                   IBUF (Prop_ibuf_I_O)         1.411    11.411 r  clk_IBUF_inst/O
                         net (fo=1, routed)           1.920    13.331    clk_IBUF
    BUFGCTRL_X0Y16       BUFG (Prop_bufg_I_O)         0.091    13.422 r  clk_IBUF_BUFG_inst/O
                         net (fo=244, routed)         1.520    14.943    <hidden>
    SLICE_X11Y83         FDRE                                         r  <hidden>
                         clock pessimism              0.259    15.202    
                         clock uncertainty           -0.035    15.166    
    SLICE_X11Y83         FDRE (Setup_fdre_C_CE)      -0.205    14.961    <hidden>
  -------------------------------------------------------------------
                         required time                         14.961    
                         arrival time                         -10.899    
  -------------------------------------------------------------------
                         slack                                  4.062    

Slack (MET) :             4.079ns  (required time - arrival time)
  Source:                 uart_driver/baud_rate_generator/Q_reg_reg[7]/C
                            (rising edge-triggered cell FDCE clocked by sys_clk_pin  {rise@0.000ns fall@5.000ns period=10.000ns})
  Destination:            <hidden>
                            (rising edge-triggered cell FDSE clocked by sys_clk_pin  {rise@0.000ns fall@5.000ns period=10.000ns})
  Path Group:             sys_clk_pin
  Path Type:              Setup (Max at Slow Process Corner)
  Requirement:            10.000ns  (sys_clk_pin rise@10.000ns - sys_clk_pin rise@0.000ns)
  Data Path Delay:        5.428ns  (logic 1.371ns (25.257%)  route 4.057ns (74.743%))
  Logic Levels:           4  (LUT4=2 LUT5=2)
  Clock Path Skew:        -0.122ns (DCD - SCD + CPR)
    Destination Clock Delay (DCD):    4.942ns = ( 14.942 - 10.000 ) 
    Source Clock Delay      (SCD):    5.323ns
    Clock Pessimism Removal (CPR):    0.259ns
  Clock Uncertainty:      0.035ns  ((TSJ^2 + TIJ^2)^1/2 + DJ) / 2 + PE
    Total System Jitter     (TSJ):    0.071ns
    Total Input Jitter      (TIJ):    0.000ns
    Discrete Jitter          (DJ):    0.000ns
    Phase Error              (PE):    0.000ns

    Location             Delay type                Incr(ns)  Path(ns)    Netlist Resource(s)
  -------------------------------------------------------------------    -------------------
                         (clock sys_clk_pin rise edge)
                                                      0.000     0.000 r  
    E3                                                0.000     0.000 r  clk (IN)
                         net (fo=0)                   0.000     0.000    clk
    E3                   IBUF (Prop_ibuf_I_O)         1.482     1.482 r  clk_IBUF_inst/O
                         net (fo=1, routed)           2.025     3.506    clk_IBUF
    BUFGCTRL_X0Y16       BUFG (Prop_bufg_I_O)         0.096     3.602 r  clk_IBUF_BUFG_inst/O
                         net (fo=244, routed)         1.720     5.323    uart_driver/baud_rate_generator/clk_IBUF_BUFG
    SLICE_X3Y85          FDCE                                         r  uart_driver/baud_rate_generator/Q_reg_reg[7]/C
  -------------------------------------------------------------------    -------------------
    SLICE_X3Y85          FDCE (Prop_fdce_C_Q)         0.456     5.779 r  uart_driver/baud_rate_generator/Q_reg_reg[7]/Q
                         net (fo=5, routed)           0.871     6.649    uart_driver/baud_rate_generator/Q_reg_reg[7]
    SLICE_X3Y85          LUT4 (Prop_lut4_I0_O)        0.124     6.773 f  uart_driver/baud_rate_generator/rx_FIFO_i_4/O
                         net (fo=7, routed)           0.694     7.468    uart_driver/baud_rate_generator/Q_reg_reg[7]_0
    SLICE_X3Y86          LUT5 (Prop_lut5_I3_O)        0.150     7.618 r  uart_driver/baud_rate_generator/FSM_sequential_state_reg[1]_i_2__1/O
                         net (fo=11, routed)          0.776     8.393    uart_driver/transmitter/FSM_sequential_state_reg_reg[0]_0
    SLICE_X4Y84          LUT4 (Prop_lut4_I1_O)        0.320     8.713 r  uart_driver/transmitter/tx_FIFO_i_2/O
                         net (fo=9, routed)           1.043     9.756    <hidden>
    SLICE_X8Y86          LUT5 (Prop_lut5_I0_O)        0.321    10.077 r  <hidden>
                         net (fo=2, routed)           0.674    10.751    <hidden>
    SLICE_X9Y86          FDSE                                         r  <hidden>
  -------------------------------------------------------------------    -------------------

                         (clock sys_clk_pin rise edge)
                                                     10.000    10.000 r  
    E3                                                0.000    10.000 r  clk (IN)
                         net (fo=0)                   0.000    10.000    clk
    E3                   IBUF (Prop_ibuf_I_O)         1.411    11.411 r  clk_IBUF_inst/O
                         net (fo=1, routed)           1.920    13.331    clk_IBUF
    BUFGCTRL_X0Y16       BUFG (Prop_bufg_I_O)         0.091    13.422 r  clk_IBUF_BUFG_inst/O
                         net (fo=244, routed)         1.519    14.942    <hidden>
    SLICE_X9Y86          FDSE                                         r  <hidden>
                         clock pessimism              0.259    15.201    
                         clock uncertainty           -0.035    15.165    
    SLICE_X9Y86          FDSE (Setup_fdse_C_D)       -0.336    14.829    <hidden>
  -------------------------------------------------------------------
                         required time                         14.829    
                         arrival time                         -10.751    
  -------------------------------------------------------------------
                         slack                                  4.079    

Slack (MET) :             4.207ns  (required time - arrival time)
  Source:                 uart_driver/baud_rate_generator/Q_reg_reg[7]/C
                            (rising edge-triggered cell FDCE clocked by sys_clk_pin  {rise@0.000ns fall@5.000ns period=10.000ns})
  Destination:            <hidden>
                            (rising edge-triggered cell FDSE clocked by sys_clk_pin  {rise@0.000ns fall@5.000ns period=10.000ns})
  Path Group:             sys_clk_pin
  Path Type:              Setup (Max at Slow Process Corner)
  Requirement:            10.000ns  (sys_clk_pin rise@10.000ns - sys_clk_pin rise@0.000ns)
  Data Path Delay:        5.578ns  (logic 1.500ns (26.893%)  route 4.078ns (73.107%))
  Logic Levels:           5  (LUT4=3 LUT5=1 LUT6=1)
  Clock Path Skew:        -0.122ns (DCD - SCD + CPR)
    Destination Clock Delay (DCD):    4.942ns = ( 14.942 - 10.000 ) 
    Source Clock Delay      (SCD):    5.323ns
    Clock Pessimism Removal (CPR):    0.259ns
  Clock Uncertainty:      0.035ns  ((TSJ^2 + TIJ^2)^1/2 + DJ) / 2 + PE
    Total System Jitter     (TSJ):    0.071ns
    Total Input Jitter      (TIJ):    0.000ns
    Discrete Jitter          (DJ):    0.000ns
    Phase Error              (PE):    0.000ns

    Location             Delay type                Incr(ns)  Path(ns)    Netlist Resource(s)
  -------------------------------------------------------------------    -------------------
                         (clock sys_clk_pin rise edge)
                                                      0.000     0.000 r  
    E3                                                0.000     0.000 r  clk (IN)
                         net (fo=0)                   0.000     0.000    clk
    E3                   IBUF (Prop_ibuf_I_O)         1.482     1.482 r  clk_IBUF_inst/O
                         net (fo=1, routed)           2.025     3.506    clk_IBUF
    BUFGCTRL_X0Y16       BUFG (Prop_bufg_I_O)         0.096     3.602 r  clk_IBUF_BUFG_inst/O
                         net (fo=244, routed)         1.720     5.323    uart_driver/baud_rate_generator/clk_IBUF_BUFG
    SLICE_X3Y85          FDCE                                         r  uart_driver/baud_rate_generator/Q_reg_reg[7]/C
  -------------------------------------------------------------------    -------------------
    SLICE_X3Y85          FDCE (Prop_fdce_C_Q)         0.456     5.779 r  uart_driver/baud_rate_generator/Q_reg_reg[7]/Q
                         net (fo=5, routed)           0.871     6.649    uart_driver/baud_rate_generator/Q_reg_reg[7]
    SLICE_X3Y85          LUT4 (Prop_lut4_I0_O)        0.124     6.773 f  uart_driver/baud_rate_generator/rx_FIFO_i_4/O
                         net (fo=7, routed)           0.694     7.468    uart_driver/baud_rate_generator/Q_reg_reg[7]_0
    SLICE_X3Y86          LUT5 (Prop_lut5_I3_O)        0.150     7.618 r  uart_driver/baud_rate_generator/FSM_sequential_state_reg[1]_i_2__1/O
                         net (fo=11, routed)          0.776     8.393    uart_driver/transmitter/FSM_sequential_state_reg_reg[0]_0
    SLICE_X4Y84          LUT4 (Prop_lut4_I1_O)        0.320     8.713 r  uart_driver/transmitter/tx_FIFO_i_2/O
                         net (fo=9, routed)           1.043     9.756    <hidden>
    SLICE_X8Y86          LUT4 (Prop_lut4_I1_O)        0.326    10.082 r  <hidden>
                         net (fo=22, routed)          0.364    10.447    <hidden>
    SLICE_X9Y86          LUT6 (Prop_lut6_I0_O)        0.124    10.571 r  <hidden>
                         net (fo=2, routed)           0.330    10.900    <hidden>
    SLICE_X9Y86          FDSE                                         r  <hidden>
  -------------------------------------------------------------------    -------------------

                         (clock sys_clk_pin rise edge)
                                                     10.000    10.000 r  
    E3                                                0.000    10.000 r  clk (IN)
                         net (fo=0)                   0.000    10.000    clk
    E3                   IBUF (Prop_ibuf_I_O)         1.411    11.411 r  clk_IBUF_inst/O
                         net (fo=1, routed)           1.920    13.331    clk_IBUF
    BUFGCTRL_X0Y16       BUFG (Prop_bufg_I_O)         0.091    13.422 r  clk_IBUF_BUFG_inst/O
                         net (fo=244, routed)         1.519    14.942    <hidden>
    SLICE_X9Y86          FDSE                                         r  <hidden>
                         clock pessimism              0.259    15.201    
                         clock uncertainty           -0.035    15.165    
    SLICE_X9Y86          FDSE (Setup_fdse_C_D)       -0.058    15.107    <hidden>
  -------------------------------------------------------------------
                         required time                         15.107    
                         arrival time                         -10.900    
  -------------------------------------------------------------------
                         slack                                  4.207    

Slack (MET) :             4.237ns  (required time - arrival time)
  Source:                 uart_driver/baud_rate_generator/Q_reg_reg[7]/C
                            (rising edge-triggered cell FDCE clocked by sys_clk_pin  {rise@0.000ns fall@5.000ns period=10.000ns})
  Destination:            <hidden>
                            (rising edge-triggered cell RAMB18E1 clocked by sys_clk_pin  {rise@0.000ns fall@5.000ns period=10.000ns})
  Path Group:             sys_clk_pin
  Path Type:              Setup (Max at Slow Process Corner)
  Requirement:            10.000ns  (sys_clk_pin rise@10.000ns - sys_clk_pin rise@0.000ns)
  Data Path Delay:        5.205ns  (logic 1.376ns (26.437%)  route 3.829ns (73.563%))
  Logic Levels:           4  (LUT4=2 LUT5=2)
  Clock Path Skew:        -0.080ns (DCD - SCD + CPR)
    Destination Clock Delay (DCD):    4.984ns = ( 14.984 - 10.000 ) 
    Source Clock Delay      (SCD):    5.323ns
    Clock Pessimism Removal (CPR):    0.259ns
  Clock Uncertainty:      0.035ns  ((TSJ^2 + TIJ^2)^1/2 + DJ) / 2 + PE
    Total System Jitter     (TSJ):    0.071ns
    Total Input Jitter      (TIJ):    0.000ns
    Discrete Jitter          (DJ):    0.000ns
    Phase Error              (PE):    0.000ns

    Location             Delay type                Incr(ns)  Path(ns)    Netlist Resource(s)
  -------------------------------------------------------------------    -------------------
                         (clock sys_clk_pin rise edge)
                                                      0.000     0.000 r  
    E3                                                0.000     0.000 r  clk (IN)
                         net (fo=0)                   0.000     0.000    clk
    E3                   IBUF (Prop_ibuf_I_O)         1.482     1.482 r  clk_IBUF_inst/O
                         net (fo=1, routed)           2.025     3.506    clk_IBUF
    BUFGCTRL_X0Y16       BUFG (Prop_bufg_I_O)         0.096     3.602 r  clk_IBUF_BUFG_inst/O
                         net (fo=244, routed)         1.720     5.323    uart_driver/baud_rate_generator/clk_IBUF_BUFG
    SLICE_X3Y85          FDCE                                         r  uart_driver/baud_rate_generator/Q_reg_reg[7]/C
  -------------------------------------------------------------------    -------------------
    SLICE_X3Y85          FDCE (Prop_fdce_C_Q)         0.456     5.779 r  uart_driver/baud_rate_generator/Q_reg_reg[7]/Q
                         net (fo=5, routed)           0.871     6.649    uart_driver/baud_rate_generator/Q_reg_reg[7]
    SLICE_X3Y85          LUT4 (Prop_lut4_I0_O)        0.124     6.773 f  uart_driver/baud_rate_generator/rx_FIFO_i_4/O
                         net (fo=7, routed)           0.694     7.468    uart_driver/baud_rate_generator/Q_reg_reg[7]_0
    SLICE_X3Y86          LUT5 (Prop_lut5_I3_O)        0.150     7.618 r  uart_driver/baud_rate_generator/FSM_sequential_state_reg[1]_i_2__1/O
                         net (fo=11, routed)          0.776     8.393    uart_driver/transmitter/FSM_sequential_state_reg_reg[0]_0
    SLICE_X4Y84          LUT4 (Prop_lut4_I1_O)        0.320     8.713 r  uart_driver/transmitter/tx_FIFO_i_2/O
                         net (fo=9, routed)           1.016     9.730    <hidden>
    SLICE_X8Y86          LUT5 (Prop_lut5_I1_O)        0.326    10.056 r  <hidden>
                         net (fo=1, routed)           0.472    10.528    <hidden>
    RAMB18_X0Y34         RAMB18E1                                     r  <hidden>
  -------------------------------------------------------------------    -------------------

                         (clock sys_clk_pin rise edge)
                                                     10.000    10.000 r  
    E3                                                0.000    10.000 r  clk (IN)
                         net (fo=0)                   0.000    10.000    clk
    E3                   IBUF (Prop_ibuf_I_O)         1.411    11.411 r  clk_IBUF_inst/O
                         net (fo=1, routed)           1.920    13.331    clk_IBUF
    BUFGCTRL_X0Y16       BUFG (Prop_bufg_I_O)         0.091    13.422 r  clk_IBUF_BUFG_inst/O
                         net (fo=244, routed)         1.562    14.984    <hidden>
    RAMB18_X0Y34         RAMB18E1                                     r  <hidden>
                         clock pessimism              0.259    15.243    
                         clock uncertainty           -0.035    15.208    
    RAMB18_X0Y34         RAMB18E1 (Setup_ramb18e1_CLKBWRCLK_ENBWREN)
                                                     -0.443    14.765    <hidden>
  -------------------------------------------------------------------
                         required time                         14.765    
                         arrival time                         -10.528    
  -------------------------------------------------------------------
                         slack                                  4.237    

Slack (MET) :             4.239ns  (required time - arrival time)
  Source:                 uart_driver/baud_rate_generator/Q_reg_reg[7]/C
                            (rising edge-triggered cell FDCE clocked by sys_clk_pin  {rise@0.000ns fall@5.000ns period=10.000ns})
  Destination:            <hidden>
                            (rising edge-triggered cell FDRE clocked by sys_clk_pin  {rise@0.000ns fall@5.000ns period=10.000ns})
  Path Group:             sys_clk_pin
  Path Type:              Setup (Max at Slow Process Corner)
  Requirement:            10.000ns  (sys_clk_pin rise@10.000ns - sys_clk_pin rise@0.000ns)
  Data Path Delay:        5.437ns  (logic 1.376ns (25.308%)  route 4.061ns (74.692%))
  Logic Levels:           4  (LUT4=3 LUT5=1)
  Clock Path Skew:        -0.120ns (DCD - SCD + CPR)
    Destination Clock Delay (DCD):    4.944ns = ( 14.944 - 10.000 ) 
    Source Clock Delay      (SCD):    5.323ns
    Clock Pessimism Removal (CPR):    0.259ns
  Clock Uncertainty:      0.035ns  ((TSJ^2 + TIJ^2)^1/2 + DJ) / 2 + PE
    Total System Jitter     (TSJ):    0.071ns
    Total Input Jitter      (TIJ):    0.000ns
    Discrete Jitter          (DJ):    0.000ns
    Phase Error              (PE):    0.000ns

    Location             Delay type                Incr(ns)  Path(ns)    Netlist Resource(s)
  -------------------------------------------------------------------    -------------------
                         (clock sys_clk_pin rise edge)
                                                      0.000     0.000 r  
    E3                                                0.000     0.000 r  clk (IN)
                         net (fo=0)                   0.000     0.000    clk
    E3                   IBUF (Prop_ibuf_I_O)         1.482     1.482 r  clk_IBUF_inst/O
                         net (fo=1, routed)           2.025     3.506    clk_IBUF
    BUFGCTRL_X0Y16       BUFG (Prop_bufg_I_O)         0.096     3.602 r  clk_IBUF_BUFG_inst/O
                         net (fo=244, routed)         1.720     5.323    uart_driver/baud_rate_generator/clk_IBUF_BUFG
    SLICE_X3Y85          FDCE                                         r  uart_driver/baud_rate_generator/Q_reg_reg[7]/C
  -------------------------------------------------------------------    -------------------
    SLICE_X3Y85          FDCE (Prop_fdce_C_Q)         0.456     5.779 r  uart_driver/baud_rate_generator/Q_reg_reg[7]/Q
                         net (fo=5, routed)           0.871     6.649    uart_driver/baud_rate_generator/Q_reg_reg[7]
    SLICE_X3Y85          LUT4 (Prop_lut4_I0_O)        0.124     6.773 f  uart_driver/baud_rate_generator/rx_FIFO_i_4/O
                         net (fo=7, routed)           0.694     7.468    uart_driver/baud_rate_generator/Q_reg_reg[7]_0
    SLICE_X3Y86          LUT5 (Prop_lut5_I3_O)        0.150     7.618 r  uart_driver/baud_rate_generator/FSM_sequential_state_reg[1]_i_2__1/O
                         net (fo=11, routed)          0.776     8.393    uart_driver/transmitter/FSM_sequential_state_reg_reg[0]_0
    SLICE_X4Y84          LUT4 (Prop_lut4_I1_O)        0.320     8.713 r  uart_driver/transmitter/tx_FIFO_i_2/O
                         net (fo=9, routed)           1.043     9.756    <hidden>
    SLICE_X8Y86          LUT4 (Prop_lut4_I1_O)        0.326    10.082 r  <hidden>
                         net (fo=22, routed)          0.677    10.760    <hidden>
    SLICE_X10Y84         FDRE                                         r  <hidden>
  -------------------------------------------------------------------    -------------------

                         (clock sys_clk_pin rise edge)
                                                     10.000    10.000 r  
    E3                                                0.000    10.000 r  clk (IN)
                         net (fo=0)                   0.000    10.000    clk
    E3                   IBUF (Prop_ibuf_I_O)         1.411    11.411 r  clk_IBUF_inst/O
                         net (fo=1, routed)           1.920    13.331    clk_IBUF
    BUFGCTRL_X0Y16       BUFG (Prop_bufg_I_O)         0.091    13.422 r  clk_IBUF_BUFG_inst/O
                         net (fo=244, routed)         1.521    14.944    <hidden>
    SLICE_X10Y84         FDRE                                         r  <hidden>
                         clock pessimism              0.259    15.203    
                         clock uncertainty           -0.035    15.167    
    SLICE_X10Y84         FDRE (Setup_fdre_C_CE)      -0.169    14.998    <hidden>
  -------------------------------------------------------------------
                         required time                         14.998    
                         arrival time                         -10.760    
  -------------------------------------------------------------------
                         slack                                  4.239    

Slack (MET) :             4.239ns  (required time - arrival time)
  Source:                 uart_driver/baud_rate_generator/Q_reg_reg[7]/C
                            (rising edge-triggered cell FDCE clocked by sys_clk_pin  {rise@0.000ns fall@5.000ns period=10.000ns})
  Destination:            <hidden>
                            (rising edge-triggered cell FDRE clocked by sys_clk_pin  {rise@0.000ns fall@5.000ns period=10.000ns})
  Path Group:             sys_clk_pin
  Path Type:              Setup (Max at Slow Process Corner)
  Requirement:            10.000ns  (sys_clk_pin rise@10.000ns - sys_clk_pin rise@0.000ns)
  Data Path Delay:        5.437ns  (logic 1.376ns (25.308%)  route 4.061ns (74.692%))
  Logic Levels:           4  (LUT4=3 LUT5=1)
  Clock Path Skew:        -0.120ns (DCD - SCD + CPR)
    Destination Clock Delay (DCD):    4.944ns = ( 14.944 - 10.000 ) 
    Source Clock Delay      (SCD):    5.323ns
    Clock Pessimism Removal (CPR):    0.259ns
  Clock Uncertainty:      0.035ns  ((TSJ^2 + TIJ^2)^1/2 + DJ) / 2 + PE
    Total System Jitter     (TSJ):    0.071ns
    Total Input Jitter      (TIJ):    0.000ns
    Discrete Jitter          (DJ):    0.000ns
    Phase Error              (PE):    0.000ns

    Location             Delay type                Incr(ns)  Path(ns)    Netlist Resource(s)
  -------------------------------------------------------------------    -------------------
                         (clock sys_clk_pin rise edge)
                                                      0.000     0.000 r  
    E3                                                0.000     0.000 r  clk (IN)
                         net (fo=0)                   0.000     0.000    clk
    E3                   IBUF (Prop_ibuf_I_O)         1.482     1.482 r  clk_IBUF_inst/O
                         net (fo=1, routed)           2.025     3.506    clk_IBUF
    BUFGCTRL_X0Y16       BUFG (Prop_bufg_I_O)         0.096     3.602 r  clk_IBUF_BUFG_inst/O
                         net (fo=244, routed)         1.720     5.323    uart_driver/baud_rate_generator/clk_IBUF_BUFG
    SLICE_X3Y85          FDCE                                         r  uart_driver/baud_rate_generator/Q_reg_reg[7]/C
  -------------------------------------------------------------------    -------------------
    SLICE_X3Y85          FDCE (Prop_fdce_C_Q)         0.456     5.779 r  uart_driver/baud_rate_generator/Q_reg_reg[7]/Q
                         net (fo=5, routed)           0.871     6.649    uart_driver/baud_rate_generator/Q_reg_reg[7]
    SLICE_X3Y85          LUT4 (Prop_lut4_I0_O)        0.124     6.773 f  uart_driver/baud_rate_generator/rx_FIFO_i_4/O
                         net (fo=7, routed)           0.694     7.468    uart_driver/baud_rate_generator/Q_reg_reg[7]_0
    SLICE_X3Y86          LUT5 (Prop_lut5_I3_O)        0.150     7.618 r  uart_driver/baud_rate_generator/FSM_sequential_state_reg[1]_i_2__1/O
                         net (fo=11, routed)          0.776     8.393    uart_driver/transmitter/FSM_sequential_state_reg_reg[0]_0
    SLICE_X4Y84          LUT4 (Prop_lut4_I1_O)        0.320     8.713 r  uart_driver/transmitter/tx_FIFO_i_2/O
                         net (fo=9, routed)           1.043     9.756    <hidden>
    SLICE_X8Y86          LUT4 (Prop_lut4_I1_O)        0.326    10.082 r  <hidden>
                         net (fo=22, routed)          0.677    10.760    <hidden>
    SLICE_X10Y84         FDRE                                         r  <hidden>
  -------------------------------------------------------------------    -------------------

                         (clock sys_clk_pin rise edge)
                                                     10.000    10.000 r  
    E3                                                0.000    10.000 r  clk (IN)
                         net (fo=0)                   0.000    10.000    clk
    E3                   IBUF (Prop_ibuf_I_O)         1.411    11.411 r  clk_IBUF_inst/O
                         net (fo=1, routed)           1.920    13.331    clk_IBUF
    BUFGCTRL_X0Y16       BUFG (Prop_bufg_I_O)         0.091    13.422 r  clk_IBUF_BUFG_inst/O
                         net (fo=244, routed)         1.521    14.944    <hidden>
    SLICE_X10Y84         FDRE                                         r  <hidden>
                         clock pessimism              0.259    15.203    
                         clock uncertainty           -0.035    15.167    
    SLICE_X10Y84         FDRE (Setup_fdre_C_CE)      -0.169    14.998    <hidden>
  -------------------------------------------------------------------
                         required time                         14.998    
                         arrival time                         -10.760    
  -------------------------------------------------------------------
                         slack                                  4.239    

Slack (MET) :             4.304ns  (required time - arrival time)
  Source:                 uart_driver/baud_rate_generator/Q_reg_reg[7]/C
                            (rising edge-triggered cell FDCE clocked by sys_clk_pin  {rise@0.000ns fall@5.000ns period=10.000ns})
  Destination:            <hidden>
                            (rising edge-triggered cell FDRE clocked by sys_clk_pin  {rise@0.000ns fall@5.000ns period=10.000ns})
  Path Group:             sys_clk_pin
  Path Type:              Setup (Max at Slow Process Corner)
  Requirement:            10.000ns  (sys_clk_pin rise@10.000ns - sys_clk_pin rise@0.000ns)
  Data Path Delay:        5.615ns  (logic 1.500ns (26.714%)  route 4.115ns (73.286%))
  Logic Levels:           5  (LUT4=3 LUT5=2)
  Clock Path Skew:        -0.123ns (DCD - SCD + CPR)
    Destination Clock Delay (DCD):    4.941ns = ( 14.941 - 10.000 ) 
    Source Clock Delay      (SCD):    5.323ns
    Clock Pessimism Removal (CPR):    0.259ns
  Clock Uncertainty:      0.035ns  ((TSJ^2 + TIJ^2)^1/2 + DJ) / 2 + PE
    Total System Jitter     (TSJ):    0.071ns
    Total Input Jitter      (TIJ):    0.000ns
    Discrete Jitter          (DJ):    0.000ns
    Phase Error              (PE):    0.000ns

    Location             Delay type                Incr(ns)  Path(ns)    Netlist Resource(s)
  -------------------------------------------------------------------    -------------------
                         (clock sys_clk_pin rise edge)
                                                      0.000     0.000 r  
    E3                                                0.000     0.000 r  clk (IN)
                         net (fo=0)                   0.000     0.000    clk
    E3                   IBUF (Prop_ibuf_I_O)         1.482     1.482 r  clk_IBUF_inst/O
                         net (fo=1, routed)           2.025     3.506    clk_IBUF
    BUFGCTRL_X0Y16       BUFG (Prop_bufg_I_O)         0.096     3.602 r  clk_IBUF_BUFG_inst/O
                         net (fo=244, routed)         1.720     5.323    uart_driver/baud_rate_generator/clk_IBUF_BUFG
    SLICE_X3Y85          FDCE                                         r  uart_driver/baud_rate_generator/Q_reg_reg[7]/C
  -------------------------------------------------------------------    -------------------
    SLICE_X3Y85          FDCE (Prop_fdce_C_Q)         0.456     5.779 f  uart_driver/baud_rate_generator/Q_reg_reg[7]/Q
                         net (fo=5, routed)           0.871     6.649    uart_driver/baud_rate_generator/Q_reg_reg[7]
    SLICE_X3Y85          LUT4 (Prop_lut4_I0_O)        0.124     6.773 r  uart_driver/baud_rate_generator/rx_FIFO_i_4/O
                         net (fo=7, routed)           0.694     7.468    uart_driver/baud_rate_generator/Q_reg_reg[7]_0
    SLICE_X3Y86          LUT5 (Prop_lut5_I3_O)        0.150     7.618 f  uart_driver/baud_rate_generator/FSM_sequential_state_reg[1]_i_2__1/O
                         net (fo=11, routed)          0.776     8.393    uart_driver/transmitter/FSM_sequential_state_reg_reg[0]_0
    SLICE_X4Y84          LUT4 (Prop_lut4_I1_O)        0.320     8.713 f  uart_driver/transmitter/tx_FIFO_i_2/O
                         net (fo=9, routed)           1.043     9.756    <hidden>
    SLICE_X8Y86          LUT4 (Prop_lut4_I1_O)        0.326    10.082 f  <hidden>
                         net (fo=22, routed)          0.732    10.814    <hidden>
    SLICE_X8Y84          LUT5 (Prop_lut5_I3_O)        0.124    10.938 r  <hidden>
                         net (fo=2, routed)           0.000    10.938    <hidden>
    SLICE_X8Y84          FDRE                                         r  <hidden>
  -------------------------------------------------------------------    -------------------

                         (clock sys_clk_pin rise edge)
                                                     10.000    10.000 r  
    E3                                                0.000    10.000 r  clk (IN)
                         net (fo=0)                   0.000    10.000    clk
    E3                   IBUF (Prop_ibuf_I_O)         1.411    11.411 r  clk_IBUF_inst/O
                         net (fo=1, routed)           1.920    13.331    clk_IBUF
    BUFGCTRL_X0Y16       BUFG (Prop_bufg_I_O)         0.091    13.422 r  clk_IBUF_BUFG_inst/O
                         net (fo=244, routed)         1.518    14.941    <hidden>
    SLICE_X8Y84          FDRE                                         r  <hidden>
                         clock pessimism              0.259    15.200    
                         clock uncertainty           -0.035    15.164    
    SLICE_X8Y84          FDRE (Setup_fdre_C_D)        0.077    15.241    <hidden>
  -------------------------------------------------------------------
                         required time                         15.241    
                         arrival time                         -10.938    
  -------------------------------------------------------------------
                         slack                                  4.304    





Min Delay Paths
--------------------------------------------------------------------------------------
Slack (MET) :             0.081ns  (arrival time - required time)
  Source:                 <hidden>
                            (rising edge-triggered cell FDRE clocked by sys_clk_pin  {rise@0.000ns fall@5.000ns period=10.000ns})
  Destination:            <hidden>
                            (rising edge-triggered cell RAMB18E1 clocked by sys_clk_pin  {rise@0.000ns fall@5.000ns period=10.000ns})
  Path Group:             sys_clk_pin
  Path Type:              Hold (Min at Fast Process Corner)
  Requirement:            0.000ns  (sys_clk_pin rise@0.000ns - sys_clk_pin rise@0.000ns)
  Data Path Delay:        0.323ns  (logic 0.164ns (50.756%)  route 0.159ns (49.244%))
  Logic Levels:           0  
  Clock Path Skew:        0.059ns (DCD - SCD - CPR)
    Destination Clock Delay (DCD):    2.053ns
    Source Clock Delay      (SCD):    1.493ns
    Clock Pessimism Removal (CPR):    0.500ns

    Location             Delay type                Incr(ns)  Path(ns)    Netlist Resource(s)
  -------------------------------------------------------------------    -------------------
                         (clock sys_clk_pin rise edge)
                                                      0.000     0.000 r  
    E3                                                0.000     0.000 r  clk (IN)
                         net (fo=0)                   0.000     0.000    clk
    E3                   IBUF (Prop_ibuf_I_O)         0.250     0.250 r  clk_IBUF_inst/O
                         net (fo=1, routed)           0.644     0.894    clk_IBUF
    BUFGCTRL_X0Y16       BUFG (Prop_bufg_I_O)         0.026     0.920 r  clk_IBUF_BUFG_inst/O
                         net (fo=244, routed)         0.574     1.493    <hidden>
    SLICE_X8Y92          FDRE                                         r  <hidden>
  -------------------------------------------------------------------    -------------------
    SLICE_X8Y92          FDRE (Prop_fdre_C_Q)         0.164     1.657 r  <hidden>
                         net (fo=4, routed)           0.159     1.816    <hidden>
    RAMB18_X0Y36         RAMB18E1                                     r  <hidden>
  -------------------------------------------------------------------    -------------------

                         (clock sys_clk_pin rise edge)
                                                      0.000     0.000 r  
    E3                                                0.000     0.000 r  clk (IN)
                         net (fo=0)                   0.000     0.000    clk
    E3                   IBUF (Prop_ibuf_I_O)         0.438     0.438 r  clk_IBUF_inst/O
                         net (fo=1, routed)           0.699     1.136    clk_IBUF
    BUFGCTRL_X0Y16       BUFG (Prop_bufg_I_O)         0.029     1.165 r  clk_IBUF_BUFG_inst/O
                         net (fo=244, routed)         0.888     2.053    <hidden>
    RAMB18_X0Y36         RAMB18E1                                     r  <hidden>
                         clock pessimism             -0.500     1.553    
    RAMB18_X0Y36         RAMB18E1 (Hold_ramb18e1_CLKARDCLK_ADDRARDADDR[12])
                                                      0.183     1.736    <hidden>
  -------------------------------------------------------------------
                         required time                         -1.736    
                         arrival time                           1.816    
  -------------------------------------------------------------------
                         slack                                  0.081    

Slack (MET) :             0.136ns  (arrival time - required time)
  Source:                 <hidden>
                            (rising edge-triggered cell FDRE clocked by sys_clk_pin  {rise@0.000ns fall@5.000ns period=10.000ns})
  Destination:            <hidden>
                            (rising edge-triggered cell RAMB18E1 clocked by sys_clk_pin  {rise@0.000ns fall@5.000ns period=10.000ns})
  Path Group:             sys_clk_pin
  Path Type:              Hold (Min at Fast Process Corner)
  Requirement:            0.000ns  (sys_clk_pin rise@0.000ns - sys_clk_pin rise@0.000ns)
  Data Path Delay:        0.379ns  (logic 0.164ns (43.278%)  route 0.215ns (56.722%))
  Logic Levels:           0  
  Clock Path Skew:        0.059ns (DCD - SCD - CPR)
    Destination Clock Delay (DCD):    2.053ns
    Source Clock Delay      (SCD):    1.493ns
    Clock Pessimism Removal (CPR):    0.500ns

    Location             Delay type                Incr(ns)  Path(ns)    Netlist Resource(s)
  -------------------------------------------------------------------    -------------------
                         (clock sys_clk_pin rise edge)
                                                      0.000     0.000 r  
    E3                                                0.000     0.000 r  clk (IN)
                         net (fo=0)                   0.000     0.000    clk
    E3                   IBUF (Prop_ibuf_I_O)         0.250     0.250 r  clk_IBUF_inst/O
                         net (fo=1, routed)           0.644     0.894    clk_IBUF
    BUFGCTRL_X0Y16       BUFG (Prop_bufg_I_O)         0.026     0.920 r  clk_IBUF_BUFG_inst/O
                         net (fo=244, routed)         0.574     1.493    <hidden>
    SLICE_X8Y91          FDRE                                         r  <hidden>
  -------------------------------------------------------------------    -------------------
    SLICE_X8Y91          FDRE (Prop_fdre_C_Q)         0.164     1.657 r  <hidden>
                         net (fo=4, routed)           0.215     1.872    <hidden>
    RAMB18_X0Y36         RAMB18E1                                     r  <hidden>
  -------------------------------------------------------------------    -------------------

                         (clock sys_clk_pin rise edge)
                                                      0.000     0.000 r  
    E3                                                0.000     0.000 r  clk (IN)
                         net (fo=0)                   0.000     0.000    clk
    E3                   IBUF (Prop_ibuf_I_O)         0.438     0.438 r  clk_IBUF_inst/O
                         net (fo=1, routed)           0.699     1.136    clk_IBUF
    BUFGCTRL_X0Y16       BUFG (Prop_bufg_I_O)         0.029     1.165 r  clk_IBUF_BUFG_inst/O
                         net (fo=244, routed)         0.888     2.053    <hidden>
    RAMB18_X0Y36         RAMB18E1                                     r  <hidden>
                         clock pessimism             -0.500     1.553    
    RAMB18_X0Y36         RAMB18E1 (Hold_ramb18e1_CLKARDCLK_ADDRARDADDR[6])
                                                      0.183     1.736    <hidden>
  -------------------------------------------------------------------
                         required time                         -1.736    
                         arrival time                           1.872    
  -------------------------------------------------------------------
                         slack                                  0.136    

Slack (MET) :             0.143ns  (arrival time - required time)
  Source:                 <hidden>
                            (rising edge-triggered cell FDRE clocked by sys_clk_pin  {rise@0.000ns fall@5.000ns period=10.000ns})
  Destination:            <hidden>
                            (rising edge-triggered cell RAMB18E1 clocked by sys_clk_pin  {rise@0.000ns fall@5.000ns period=10.000ns})
  Path Group:             sys_clk_pin
  Path Type:              Hold (Min at Fast Process Corner)
  Requirement:            0.000ns  (sys_clk_pin rise@0.000ns - sys_clk_pin rise@0.000ns)
  Data Path Delay:        0.405ns  (logic 0.164ns (40.514%)  route 0.241ns (59.486%))
  Logic Levels:           0  
  Clock Path Skew:        0.078ns (DCD - SCD - CPR)
    Destination Clock Delay (DCD):    2.048ns
    Source Clock Delay      (SCD):    1.490ns
    Clock Pessimism Removal (CPR):    0.479ns

    Location             Delay type                Incr(ns)  Path(ns)    Netlist Resource(s)
  -------------------------------------------------------------------    -------------------
                         (clock sys_clk_pin rise edge)
                                                      0.000     0.000 r  
    E3                                                0.000     0.000 r  clk (IN)
                         net (fo=0)                   0.000     0.000    clk
    E3                   IBUF (Prop_ibuf_I_O)         0.250     0.250 r  clk_IBUF_inst/O
                         net (fo=1, routed)           0.644     0.894    clk_IBUF
    BUFGCTRL_X0Y16       BUFG (Prop_bufg_I_O)         0.026     0.920 r  clk_IBUF_BUFG_inst/O
                         net (fo=244, routed)         0.571     1.490    <hidden>
    SLICE_X10Y85         FDRE                                         r  <hidden>
  -------------------------------------------------------------------    -------------------
    SLICE_X10Y85         FDRE (Prop_fdre_C_Q)         0.164     1.654 r  <hidden>
                         net (fo=4, routed)           0.241     1.895    <hidden>
    RAMB18_X0Y34         RAMB18E1                                     r  <hidden>
  -------------------------------------------------------------------    -------------------

                         (clock sys_clk_pin rise edge)
                                                      0.000     0.000 r  
    E3                                                0.000     0.000 r  clk (IN)
                         net (fo=0)                   0.000     0.000    clk
    E3                   IBUF (Prop_ibuf_I_O)         0.438     0.438 r  clk_IBUF_inst/O
                         net (fo=1, routed)           0.699     1.136    clk_IBUF
    BUFGCTRL_X0Y16       BUFG (Prop_bufg_I_O)         0.029     1.165 r  clk_IBUF_BUFG_inst/O
                         net (fo=244, routed)         0.883     2.048    <hidden>
    RAMB18_X0Y34         RAMB18E1                                     r  <hidden>
                         clock pessimism             -0.479     1.569    
    RAMB18_X0Y34         RAMB18E1 (Hold_ramb18e1_CLKBWRCLK_ADDRBWRADDR[7])
                                                      0.183     1.752    <hidden>
  -------------------------------------------------------------------
                         required time                         -1.752    
                         arrival time                           1.895    
  -------------------------------------------------------------------
                         slack                                  0.143    

Slack (MET) :             0.144ns  (arrival time - required time)
  Source:                 <hidden>
                            (rising edge-triggered cell FDSE clocked by sys_clk_pin  {rise@0.000ns fall@5.000ns period=10.000ns})
  Destination:            <hidden>
                            (rising edge-triggered cell FDRE clocked by sys_clk_pin  {rise@0.000ns fall@5.000ns period=10.000ns})
  Path Group:             sys_clk_pin
  Path Type:              Hold (Min at Fast Process Corner)
  Requirement:            0.000ns  (sys_clk_pin rise@0.000ns - sys_clk_pin rise@0.000ns)
  Data Path Delay:        0.220ns  (logic 0.141ns (64.051%)  route 0.079ns (35.949%))
  Logic Levels:           0  
  Clock Path Skew:        0.000ns (DCD - SCD - CPR)
    Destination Clock Delay (DCD):    2.038ns
    Source Clock Delay      (SCD):    1.521ns
    Clock Pessimism Removal (CPR):    0.516ns

    Location             Delay type                Incr(ns)  Path(ns)    Netlist Resource(s)
  -------------------------------------------------------------------    -------------------
                         (clock sys_clk_pin rise edge)
                                                      0.000     0.000 r  
    E3                                                0.000     0.000 r  clk (IN)
                         net (fo=0)                   0.000     0.000    clk
    E3                   IBUF (Prop_ibuf_I_O)         0.250     0.250 r  clk_IBUF_inst/O
                         net (fo=1, routed)           0.644     0.894    clk_IBUF
    BUFGCTRL_X0Y16       BUFG (Prop_bufg_I_O)         0.026     0.920 r  clk_IBUF_BUFG_inst/O
                         net (fo=244, routed)         0.602     1.521    <hidden>
    SLICE_X5Y90          FDSE                                         r  <hidden>
  -------------------------------------------------------------------    -------------------
    SLICE_X5Y90          FDSE (Prop_fdse_C_Q)         0.141     1.662 r  <hidden>
                         net (fo=9, routed)           0.079     1.741    <hidden>
    SLICE_X5Y90          FDRE                                         r  <hidden>
  -------------------------------------------------------------------    -------------------

                         (clock sys_clk_pin rise edge)
                                                      0.000     0.000 r  
    E3                                                0.000     0.000 r  clk (IN)
                         net (fo=0)                   0.000     0.000    clk
    E3                   IBUF (Prop_ibuf_I_O)         0.438     0.438 r  clk_IBUF_inst/O
                         net (fo=1, routed)           0.699     1.136    clk_IBUF
    BUFGCTRL_X0Y16       BUFG (Prop_bufg_I_O)         0.029     1.165 r  clk_IBUF_BUFG_inst/O
                         net (fo=244, routed)         0.873     2.038    <hidden>
    SLICE_X5Y90          FDRE                                         r  <hidden>
                         clock pessimism             -0.516     1.521    
    SLICE_X5Y90          FDRE (Hold_fdre_C_D)         0.076     1.597    <hidden>
  -------------------------------------------------------------------
                         required time                         -1.597    
                         arrival time                           1.741    
  -------------------------------------------------------------------
                         slack                                  0.144    

Slack (MET) :             0.150ns  (arrival time - required time)
  Source:                 <hidden>
                            (rising edge-triggered cell FDRE clocked by sys_clk_pin  {rise@0.000ns fall@5.000ns period=10.000ns})
  Destination:            <hidden>
                            (rising edge-triggered cell RAMB18E1 clocked by sys_clk_pin  {rise@0.000ns fall@5.000ns period=10.000ns})
  Path Group:             sys_clk_pin
  Path Type:              Hold (Min at Fast Process Corner)
  Requirement:            0.000ns  (sys_clk_pin rise@0.000ns - sys_clk_pin rise@0.000ns)
  Data Path Delay:        0.392ns  (logic 0.164ns (41.828%)  route 0.228ns (58.172%))
  Logic Levels:           0  
  Clock Path Skew:        0.059ns (DCD - SCD - CPR)
    Destination Clock Delay (DCD):    2.053ns
    Source Clock Delay      (SCD):    1.493ns
    Clock Pessimism Removal (CPR):    0.500ns

    Location             Delay type                Incr(ns)  Path(ns)    Netlist Resource(s)
  -------------------------------------------------------------------    -------------------
                         (clock sys_clk_pin rise edge)
                                                      0.000     0.000 r  
    E3                                                0.000     0.000 r  clk (IN)
                         net (fo=0)                   0.000     0.000    clk
    E3                   IBUF (Prop_ibuf_I_O)         0.250     0.250 r  clk_IBUF_inst/O
                         net (fo=1, routed)           0.644     0.894    clk_IBUF
    BUFGCTRL_X0Y16       BUFG (Prop_bufg_I_O)         0.026     0.920 r  clk_IBUF_BUFG_inst/O
                         net (fo=244, routed)         0.574     1.493    <hidden>
    SLICE_X8Y91          FDRE                                         r  <hidden>
  -------------------------------------------------------------------    -------------------
    SLICE_X8Y91          FDRE (Prop_fdre_C_Q)         0.164     1.657 r  <hidden>
                         net (fo=4, routed)           0.228     1.885    <hidden>
    RAMB18_X0Y36         RAMB18E1                                     r  <hidden>
  -------------------------------------------------------------------    -------------------

                         (clock sys_clk_pin rise edge)
                                                      0.000     0.000 r  
    E3                                                0.000     0.000 r  clk (IN)
                         net (fo=0)                   0.000     0.000    clk
    E3                   IBUF (Prop_ibuf_I_O)         0.438     0.438 r  clk_IBUF_inst/O
                         net (fo=1, routed)           0.699     1.136    clk_IBUF
    BUFGCTRL_X0Y16       BUFG (Prop_bufg_I_O)         0.029     1.165 r  clk_IBUF_BUFG_inst/O
                         net (fo=244, routed)         0.888     2.053    <hidden>
    RAMB18_X0Y36         RAMB18E1                                     r  <hidden>
                         clock pessimism             -0.500     1.553    
    RAMB18_X0Y36         RAMB18E1 (Hold_ramb18e1_CLKARDCLK_ADDRARDADDR[5])
                                                      0.183     1.736    <hidden>
  -------------------------------------------------------------------
                         required time                         -1.736    
                         arrival time                           1.885    
  -------------------------------------------------------------------
                         slack                                  0.150    

Slack (MET) :             0.167ns  (arrival time - required time)
  Source:                 read_uart/SYNCH0/Q_reg_reg[1]/C
                            (rising edge-triggered cell FDCE clocked by sys_clk_pin  {rise@0.000ns fall@5.000ns period=10.000ns})
  Destination:            read_uart/SYNCH0/Q_reg_reg[0]/D
                            (rising edge-triggered cell FDCE clocked by sys_clk_pin  {rise@0.000ns fall@5.000ns period=10.000ns})
  Path Group:             sys_clk_pin
  Path Type:              Hold (Min at Fast Process Corner)
  Requirement:            0.000ns  (sys_clk_pin rise@0.000ns - sys_clk_pin rise@0.000ns)
  Data Path Delay:        0.253ns  (logic 0.141ns (55.730%)  route 0.112ns (44.270%))
  Logic Levels:           0  
  Clock Path Skew:        0.016ns (DCD - SCD - CPR)
    Destination Clock Delay (DCD):    2.038ns
    Source Clock Delay      (SCD):    1.519ns
    Clock Pessimism Removal (CPR):    0.502ns

    Location             Delay type                Incr(ns)  Path(ns)    Netlist Resource(s)
  -------------------------------------------------------------------    -------------------
                         (clock sys_clk_pin rise edge)
                                                      0.000     0.000 r  
    E3                                                0.000     0.000 r  clk (IN)
                         net (fo=0)                   0.000     0.000    clk
    E3                   IBUF (Prop_ibuf_I_O)         0.250     0.250 r  clk_IBUF_inst/O
                         net (fo=1, routed)           0.644     0.894    clk_IBUF
    BUFGCTRL_X0Y16       BUFG (Prop_bufg_I_O)         0.026     0.920 r  clk_IBUF_BUFG_inst/O
                         net (fo=244, routed)         0.600     1.519    read_uart/SYNCH0/clk_IBUF_BUFG
    SLICE_X1Y86          FDCE                                         r  read_uart/SYNCH0/Q_reg_reg[1]/C
  -------------------------------------------------------------------    -------------------
    SLICE_X1Y86          FDCE (Prop_fdce_C_Q)         0.141     1.660 r  read_uart/SYNCH0/Q_reg_reg[1]/Q
                         net (fo=1, routed)           0.112     1.772    read_uart/SYNCH0/Q_reg_reg_n_0_[1]
    SLICE_X1Y87          FDCE                                         r  read_uart/SYNCH0/Q_reg_reg[0]/D
  -------------------------------------------------------------------    -------------------

                         (clock sys_clk_pin rise edge)
                                                      0.000     0.000 r  
    E3                                                0.000     0.000 r  clk (IN)
                         net (fo=0)                   0.000     0.000    clk
    E3                   IBUF (Prop_ibuf_I_O)         0.438     0.438 r  clk_IBUF_inst/O
                         net (fo=1, routed)           0.699     1.136    clk_IBUF
    BUFGCTRL_X0Y16       BUFG (Prop_bufg_I_O)         0.029     1.165 r  clk_IBUF_BUFG_inst/O
                         net (fo=244, routed)         0.873     2.038    read_uart/SYNCH0/clk_IBUF_BUFG
    SLICE_X1Y87          FDCE                                         r  read_uart/SYNCH0/Q_reg_reg[0]/C
                         clock pessimism             -0.502     1.535    
    SLICE_X1Y87          FDCE (Hold_fdce_C_D)         0.070     1.605    read_uart/SYNCH0/Q_reg_reg[0]
  -------------------------------------------------------------------
                         required time                         -1.605    
                         arrival time                           1.772    
  -------------------------------------------------------------------
                         slack                                  0.167    

Slack (MET) :             0.171ns  (arrival time - required time)
  Source:                 <hidden>
                            (rising edge-triggered cell FDRE clocked by sys_clk_pin  {rise@0.000ns fall@5.000ns period=10.000ns})
  Destination:            <hidden>
                            (rising edge-triggered cell RAMB18E1 clocked by sys_clk_pin  {rise@0.000ns fall@5.000ns period=10.000ns})
  Path Group:             sys_clk_pin
  Path Type:              Hold (Min at Fast Process Corner)
  Requirement:            0.000ns  (sys_clk_pin rise@0.000ns - sys_clk_pin rise@0.000ns)
  Data Path Delay:        0.436ns  (logic 0.141ns (32.355%)  route 0.295ns (67.645%))
  Logic Levels:           0  
  Clock Path Skew:        0.081ns (DCD - SCD - CPR)
    Destination Clock Delay (DCD):    2.051ns
    Source Clock Delay      (SCD):    1.490ns
    Clock Pessimism Removal (CPR):    0.479ns

    Location             Delay type                Incr(ns)  Path(ns)    Netlist Resource(s)
  -------------------------------------------------------------------    -------------------
                         (clock sys_clk_pin rise edge)
                                                      0.000     0.000 r  
    E3                                                0.000     0.000 r  clk (IN)
                         net (fo=0)                   0.000     0.000    clk
    E3                   IBUF (Prop_ibuf_I_O)         0.250     0.250 r  clk_IBUF_inst/O
                         net (fo=1, routed)           0.644     0.894    clk_IBUF
    BUFGCTRL_X0Y16       BUFG (Prop_bufg_I_O)         0.026     0.920 r  clk_IBUF_BUFG_inst/O
                         net (fo=244, routed)         0.571     1.490    <hidden>
    SLICE_X11Y85         FDRE                                         r  <hidden>
  -------------------------------------------------------------------    -------------------
    SLICE_X11Y85         FDRE (Prop_fdre_C_Q)         0.141     1.631 r  <hidden>
                         net (fo=4, routed)           0.295     1.926    <hidden>
    RAMB18_X0Y34         RAMB18E1                                     r  <hidden>
  -------------------------------------------------------------------    -------------------

                         (clock sys_clk_pin rise edge)
                                                      0.000     0.000 r  
    E3                                                0.000     0.000 r  clk (IN)
                         net (fo=0)                   0.000     0.000    clk
    E3                   IBUF (Prop_ibuf_I_O)         0.438     0.438 r  clk_IBUF_inst/O
                         net (fo=1, routed)           0.699     1.136    clk_IBUF
    BUFGCTRL_X0Y16       BUFG (Prop_bufg_I_O)         0.029     1.165 r  clk_IBUF_BUFG_inst/O
                         net (fo=244, routed)         0.886     2.051    <hidden>
    RAMB18_X0Y34         RAMB18E1                                     r  <hidden>
                         clock pessimism             -0.479     1.572    
    RAMB18_X0Y34         RAMB18E1 (Hold_ramb18e1_CLKARDCLK_ADDRARDADDR[4])
                                                      0.183     1.755    <hidden>
  -------------------------------------------------------------------
                         required time                         -1.755    
                         arrival time                           1.926    
  -------------------------------------------------------------------
                         slack                                  0.171    

Slack (MET) :             0.180ns  (arrival time - required time)
  Source:                 uart_driver/receiver/b_reg_reg[6]/C
                            (rising edge-triggered cell FDCE clocked by sys_clk_pin  {rise@0.000ns fall@5.000ns period=10.000ns})
  Destination:            <hidden>
                            (rising edge-triggered cell RAMB18E1 clocked by sys_clk_pin  {rise@0.000ns fall@5.000ns period=10.000ns})
  Path Group:             sys_clk_pin
  Path Type:              Hold (Min at Fast Process Corner)
  Requirement:            0.000ns  (sys_clk_pin rise@0.000ns - sys_clk_pin rise@0.000ns)
  Data Path Delay:        0.535ns  (logic 0.164ns (30.636%)  route 0.371ns (69.364%))
  Logic Levels:           0  
  Clock Path Skew:        0.059ns (DCD - SCD - CPR)
    Destination Clock Delay (DCD):    2.053ns
    Source Clock Delay      (SCD):    1.493ns
    Clock Pessimism Removal (CPR):    0.500ns

    Location             Delay type                Incr(ns)  Path(ns)    Netlist Resource(s)
  -------------------------------------------------------------------    -------------------
                         (clock sys_clk_pin rise edge)
                                                      0.000     0.000 r  
    E3                                                0.000     0.000 r  clk (IN)
                         net (fo=0)                   0.000     0.000    clk
    E3                   IBUF (Prop_ibuf_I_O)         0.250     0.250 r  clk_IBUF_inst/O
                         net (fo=1, routed)           0.644     0.894    clk_IBUF
    BUFGCTRL_X0Y16       BUFG (Prop_bufg_I_O)         0.026     0.920 r  clk_IBUF_BUFG_inst/O
                         net (fo=244, routed)         0.574     1.493    uart_driver/receiver/clk_IBUF_BUFG
    SLICE_X8Y90          FDCE                                         r  uart_driver/receiver/b_reg_reg[6]/C
  -------------------------------------------------------------------    -------------------
    SLICE_X8Y90          FDCE (Prop_fdce_C_Q)         0.164     1.657 r  uart_driver/receiver/b_reg_reg[6]/Q
                         net (fo=2, routed)           0.371     2.029    <hidden>
    RAMB18_X0Y36         RAMB18E1                                     r  <hidden>
  -------------------------------------------------------------------    -------------------

                         (clock sys_clk_pin rise edge)
                                                      0.000     0.000 r  
    E3                                                0.000     0.000 r  clk (IN)
                         net (fo=0)                   0.000     0.000    clk
    E3                   IBUF (Prop_ibuf_I_O)         0.438     0.438 r  clk_IBUF_inst/O
                         net (fo=1, routed)           0.699     1.136    clk_IBUF
    BUFGCTRL_X0Y16       BUFG (Prop_bufg_I_O)         0.029     1.165 r  clk_IBUF_BUFG_inst/O
                         net (fo=244, routed)         0.888     2.053    <hidden>
    RAMB18_X0Y36         RAMB18E1                                     r  <hidden>
                         clock pessimism             -0.500     1.553    
    RAMB18_X0Y36         RAMB18E1 (Hold_ramb18e1_CLKARDCLK_DIADI[10])
                                                      0.296     1.849    <hidden>
  -------------------------------------------------------------------
                         required time                         -1.849    
                         arrival time                           2.029    
  -------------------------------------------------------------------
                         slack                                  0.180    

Slack (MET) :             0.181ns  (arrival time - required time)
  Source:                 <hidden>
                            (rising edge-triggered cell FDRE clocked by sys_clk_pin  {rise@0.000ns fall@5.000ns period=10.000ns})
  Destination:            <hidden>
                            (rising edge-triggered cell RAMB18E1 clocked by sys_clk_pin  {rise@0.000ns fall@5.000ns period=10.000ns})
  Path Group:             sys_clk_pin
  Path Type:              Hold (Min at Fast Process Corner)
  Requirement:            0.000ns  (sys_clk_pin rise@0.000ns - sys_clk_pin rise@0.000ns)
  Data Path Delay:        0.446ns  (logic 0.141ns (31.640%)  route 0.305ns (68.360%))
  Logic Levels:           0  
  Clock Path Skew:        0.081ns (DCD - SCD - CPR)
    Destination Clock Delay (DCD):    2.051ns
    Source Clock Delay      (SCD):    1.490ns
    Clock Pessimism Removal (CPR):    0.479ns

    Location             Delay type                Incr(ns)  Path(ns)    Netlist Resource(s)
  -------------------------------------------------------------------    -------------------
                         (clock sys_clk_pin rise edge)
                                                      0.000     0.000 r  
    E3                                                0.000     0.000 r  clk (IN)
                         net (fo=0)                   0.000     0.000    clk
    E3                   IBUF (Prop_ibuf_I_O)         0.250     0.250 r  clk_IBUF_inst/O
                         net (fo=1, routed)           0.644     0.894    clk_IBUF
    BUFGCTRL_X0Y16       BUFG (Prop_bufg_I_O)         0.026     0.920 r  clk_IBUF_BUFG_inst/O
                         net (fo=244, routed)         0.571     1.490    <hidden>
    SLICE_X11Y84         FDRE                                         r  <hidden>
  -------------------------------------------------------------------    -------------------
    SLICE_X11Y84         FDRE (Prop_fdre_C_Q)         0.141     1.631 r  <hidden>
                         net (fo=4, routed)           0.305     1.936    <hidden>
    RAMB18_X0Y34         RAMB18E1                                     r  <hidden>
  -------------------------------------------------------------------    -------------------

                         (clock sys_clk_pin rise edge)
                                                      0.000     0.000 r  
    E3                                                0.000     0.000 r  clk (IN)
                         net (fo=0)                   0.000     0.000    clk
    E3                   IBUF (Prop_ibuf_I_O)         0.438     0.438 r  clk_IBUF_inst/O
                         net (fo=1, routed)           0.699     1.136    clk_IBUF
    BUFGCTRL_X0Y16       BUFG (Prop_bufg_I_O)         0.029     1.165 r  clk_IBUF_BUFG_inst/O
                         net (fo=244, routed)         0.886     2.051    <hidden>
    RAMB18_X0Y34         RAMB18E1                                     r  <hidden>
                         clock pessimism             -0.479     1.572    
    RAMB18_X0Y34         RAMB18E1 (Hold_ramb18e1_CLKARDCLK_ADDRARDADDR[12])
                                                      0.183     1.755    <hidden>
  -------------------------------------------------------------------
                         required time                         -1.755    
                         arrival time                           1.936    
  -------------------------------------------------------------------
                         slack                                  0.181    

Slack (MET) :             0.186ns  (arrival time - required time)
  Source:                 <hidden>
                            (rising edge-triggered cell FDSE clocked by sys_clk_pin  {rise@0.000ns fall@5.000ns period=10.000ns})
  Destination:            uart_driver/transmitter/FSM_sequential_state_reg_reg[0]/D
                            (rising edge-triggered cell FDCE clocked by sys_clk_pin  {rise@0.000ns fall@5.000ns period=10.000ns})
  Path Group:             sys_clk_pin
  Path Type:              Hold (Min at Fast Process Corner)
  Requirement:            0.000ns  (sys_clk_pin rise@0.000ns - sys_clk_pin rise@0.000ns)
  Data Path Delay:        0.293ns  (logic 0.186ns (63.401%)  route 0.107ns (36.599%))
  Logic Levels:           1  (LUT6=1)
  Clock Path Skew:        0.015ns (DCD - SCD - CPR)
    Destination Clock Delay (DCD):    2.034ns
    Source Clock Delay      (SCD):    1.518ns
    Clock Pessimism Removal (CPR):    0.500ns

    Location             Delay type                Incr(ns)  Path(ns)    Netlist Resource(s)
  -------------------------------------------------------------------    -------------------
                         (clock sys_clk_pin rise edge)
                                                      0.000     0.000 r  
    E3                                                0.000     0.000 r  clk (IN)
                         net (fo=0)                   0.000     0.000    clk
    E3                   IBUF (Prop_ibuf_I_O)         0.250     0.250 r  clk_IBUF_inst/O
                         net (fo=1, routed)           0.644     0.894    clk_IBUF
    BUFGCTRL_X0Y16       BUFG (Prop_bufg_I_O)         0.026     0.920 r  clk_IBUF_BUFG_inst/O
                         net (fo=244, routed)         0.599     1.518    <hidden>
    SLICE_X7Y86          FDSE                                         r  <hidden>
  -------------------------------------------------------------------    -------------------
    SLICE_X7Y86          FDSE (Prop_fdse_C_Q)         0.141     1.659 f  <hidden>
                         net (fo=3, routed)           0.107     1.767    uart_driver/transmitter/empty
    SLICE_X5Y86          LUT6 (Prop_lut6_I4_O)        0.045     1.812 r  uart_driver/transmitter/FSM_sequential_state_reg[0]_i_1__0/O
                         net (fo=1, routed)           0.000     1.812    uart_driver/transmitter/FSM_sequential_state_reg[0]_i_1__0_n_0
    SLICE_X5Y86          FDCE                                         r  uart_driver/transmitter/FSM_sequential_state_reg_reg[0]/D
  -------------------------------------------------------------------    -------------------

                         (clock sys_clk_pin rise edge)
                                                      0.000     0.000 r  
    E3                                                0.000     0.000 r  clk (IN)
                         net (fo=0)                   0.000     0.000    clk
    E3                   IBUF (Prop_ibuf_I_O)         0.438     0.438 r  clk_IBUF_inst/O
                         net (fo=1, routed)           0.699     1.136    clk_IBUF
    BUFGCTRL_X0Y16       BUFG (Prop_bufg_I_O)         0.029     1.165 r  clk_IBUF_BUFG_inst/O
                         net (fo=244, routed)         0.869     2.034    uart_driver/transmitter/clk_IBUF_BUFG
    SLICE_X5Y86          FDCE                                         r  uart_driver/transmitter/FSM_sequential_state_reg_reg[0]/C
                         clock pessimism             -0.500     1.533    
    SLICE_X5Y86          FDCE (Hold_fdce_C_D)         0.092     1.625    uart_driver/transmitter/FSM_sequential_state_reg_reg[0]
  -------------------------------------------------------------------
                         required time                         -1.625    
                         arrival time                           1.812    
  -------------------------------------------------------------------
                         slack                                  0.186    





Pulse Width Checks
--------------------------------------------------------------------------------------
Clock Name:         sys_clk_pin
Waveform(ns):       { 0.000 5.000 }
Period(ns):         10.000
Sources:            { clk }

Check Type        Corner  Lib Pin             Reference Pin  Required(ns)  Actual(ns)  Slack(ns)  Location        Pin
Min Period        n/a     RAMB18E1/CLKARDCLK  n/a            2.576         10.000      7.424      RAMB18_X0Y36    <hidden>
Min Period        n/a     RAMB18E1/CLKBWRCLK  n/a            2.576         10.000      7.424      RAMB18_X0Y36    <hidden>
Min Period        n/a     RAMB18E1/CLKARDCLK  n/a            2.576         10.000      7.424      RAMB18_X0Y34    <hidden>
Min Period        n/a     RAMB18E1/CLKBWRCLK  n/a            2.576         10.000      7.424      RAMB18_X0Y34    <hidden>
Min Period        n/a     BUFG/I              n/a            2.155         10.000      7.845      BUFGCTRL_X0Y16  clk_IBUF_BUFG_inst/I
Min Period        n/a     FDCE/C              n/a            1.000         10.000      9.000      SLICE_X0Y86     nolabel_line82/TIMER0/Q_reg_reg[0]/C
Min Period        n/a     FDCE/C              n/a            1.000         10.000      9.000      SLICE_X0Y88     nolabel_line82/TIMER0/Q_reg_reg[10]/C
Min Period        n/a     FDCE/C              n/a            1.000         10.000      9.000      SLICE_X0Y88     nolabel_line82/TIMER0/Q_reg_reg[11]/C
Min Period        n/a     FDCE/C              n/a            1.000         10.000      9.000      SLICE_X0Y89     nolabel_line82/TIMER0/Q_reg_reg[12]/C
Min Period        n/a     FDCE/C              n/a            1.000         10.000      9.000      SLICE_X0Y89     nolabel_line82/TIMER0/Q_reg_reg[13]/C
Low Pulse Width   Slow    FDCE/C              n/a            0.500         5.000       4.500      SLICE_X0Y86     nolabel_line82/TIMER0/Q_reg_reg[0]/C
Low Pulse Width   Fast    FDCE/C              n/a            0.500         5.000       4.500      SLICE_X0Y86     nolabel_line82/TIMER0/Q_reg_reg[0]/C
Low Pulse Width   Slow    FDCE/C              n/a            0.500         5.000       4.500      SLICE_X0Y88     nolabel_line82/TIMER0/Q_reg_reg[10]/C
Low Pulse Width   Fast    FDCE/C              n/a            0.500         5.000       4.500      SLICE_X0Y88     nolabel_line82/TIMER0/Q_reg_reg[10]/C
Low Pulse Width   Slow    FDCE/C              n/a            0.500         5.000       4.500      SLICE_X0Y88     nolabel_line82/TIMER0/Q_reg_reg[11]/C
Low Pulse Width   Fast    FDCE/C              n/a            0.500         5.000       4.500      SLICE_X0Y88     nolabel_line82/TIMER0/Q_reg_reg[11]/C
Low Pulse Width   Slow    FDCE/C              n/a            0.500         5.000       4.500      SLICE_X0Y89     nolabel_line82/TIMER0/Q_reg_reg[12]/C
Low Pulse Width   Fast    FDCE/C              n/a            0.500         5.000       4.500      SLICE_X0Y89     nolabel_line82/TIMER0/Q_reg_reg[12]/C
Low Pulse Width   Slow    FDCE/C              n/a            0.500         5.000       4.500      SLICE_X0Y89     nolabel_line82/TIMER0/Q_reg_reg[13]/C
Low Pulse Width   Fast    FDCE/C              n/a            0.500         5.000       4.500      SLICE_X0Y89     nolabel_line82/TIMER0/Q_reg_reg[13]/C
High Pulse Width  Slow    FDCE/C              n/a            0.500         5.000       4.500      SLICE_X0Y86     nolabel_line82/TIMER0/Q_reg_reg[0]/C
High Pulse Width  Fast    FDCE/C              n/a            0.500         5.000       4.500      SLICE_X0Y86     nolabel_line82/TIMER0/Q_reg_reg[0]/C
High Pulse Width  Slow    FDCE/C              n/a            0.500         5.000       4.500      SLICE_X0Y88     nolabel_line82/TIMER0/Q_reg_reg[10]/C
High Pulse Width  Fast    FDCE/C              n/a            0.500         5.000       4.500      SLICE_X0Y88     nolabel_line82/TIMER0/Q_reg_reg[10]/C
High Pulse Width  Slow    FDCE/C              n/a            0.500         5.000       4.500      SLICE_X0Y88     nolabel_line82/TIMER0/Q_reg_reg[11]/C
High Pulse Width  Fast    FDCE/C              n/a            0.500         5.000       4.500      SLICE_X0Y88     nolabel_line82/TIMER0/Q_reg_reg[11]/C
High Pulse Width  Slow    FDCE/C              n/a            0.500         5.000       4.500      SLICE_X0Y89     nolabel_line82/TIMER0/Q_reg_reg[12]/C
High Pulse Width  Fast    FDCE/C              n/a            0.500         5.000       4.500      SLICE_X0Y89     nolabel_line82/TIMER0/Q_reg_reg[12]/C
High Pulse Width  Slow    FDCE/C              n/a            0.500         5.000       4.500      SLICE_X0Y89     nolabel_line82/TIMER0/Q_reg_reg[13]/C
High Pulse Width  Fast    FDCE/C              n/a            0.500         5.000       4.500      SLICE_X0Y89     nolabel_line82/TIMER0/Q_reg_reg[13]/C



---------------------------------------------------------------------------------------------------
Path Group:  **async_default**
From Clock:  sys_clk_pin
  To Clock:  sys_clk_pin

Setup :            0  Failing Endpoints,  Worst Slack        6.916ns,  Total Violation        0.000ns
Hold  :            0  Failing Endpoints,  Worst Slack        0.608ns,  Total Violation        0.000ns
---------------------------------------------------------------------------------------------------


Max Delay Paths
--------------------------------------------------------------------------------------
Slack (MET) :             6.916ns  (required time - arrival time)
  Source:                 write_uart/DD0/FSM0/FSM_sequential_state_reg_reg[1]/C
                            (rising edge-triggered cell FDPE clocked by sys_clk_pin  {rise@0.000ns fall@5.000ns period=10.000ns})
  Destination:            write_uart/DD0/T0/Q_reg_reg[16]/CLR
                            (recovery check against rising-edge clock sys_clk_pin  {rise@0.000ns fall@5.000ns period=10.000ns})
  Path Group:             **async_default**
  Path Type:              Recovery (Max at Slow Process Corner)
  Requirement:            10.000ns  (sys_clk_pin rise@10.000ns - sys_clk_pin rise@0.000ns)
  Data Path Delay:        2.708ns  (logic 0.580ns (21.420%)  route 2.128ns (78.580%))
  Logic Levels:           1  (LUT2=1)
  Clock Path Skew:        -0.022ns (DCD - SCD + CPR)
    Destination Clock Delay (DCD):    5.021ns = ( 15.021 - 10.000 ) 
    Source Clock Delay      (SCD):    5.319ns
    Clock Pessimism Removal (CPR):    0.276ns
  Clock Uncertainty:      0.035ns  ((TSJ^2 + TIJ^2)^1/2 + DJ) / 2 + PE
    Total System Jitter     (TSJ):    0.071ns
    Total Input Jitter      (TIJ):    0.000ns
    Discrete Jitter          (DJ):    0.000ns
    Phase Error              (PE):    0.000ns

    Location             Delay type                Incr(ns)  Path(ns)    Netlist Resource(s)
  -------------------------------------------------------------------    -------------------
                         (clock sys_clk_pin rise edge)
                                                      0.000     0.000 r  
    E3                                                0.000     0.000 r  clk (IN)
                         net (fo=0)                   0.000     0.000    clk
    E3                   IBUF (Prop_ibuf_I_O)         1.482     1.482 r  clk_IBUF_inst/O
                         net (fo=1, routed)           2.025     3.506    clk_IBUF
    BUFGCTRL_X0Y16       BUFG (Prop_bufg_I_O)         0.096     3.602 r  clk_IBUF_BUFG_inst/O
                         net (fo=244, routed)         1.716     5.319    write_uart/DD0/FSM0/clk_IBUF_BUFG
    SLICE_X7Y83          FDPE                                         r  write_uart/DD0/FSM0/FSM_sequential_state_reg_reg[1]/C
  -------------------------------------------------------------------    -------------------
    SLICE_X7Y83          FDPE (Prop_fdpe_C_Q)         0.456     5.775 r  write_uart/DD0/FSM0/FSM_sequential_state_reg_reg[1]/Q
                         net (fo=4, routed)           0.884     6.658    write_uart/DD0/FSM0/FSM_sequential_state_reg_reg[1]_0
    SLICE_X7Y83          LUT2 (Prop_lut2_I0_O)        0.124     6.782 f  write_uart/DD0/FSM0/Q_reg[0]_i_3__0/O
                         net (fo=21, routed)          1.244     8.027    write_uart/DD0/T0/timer_reset
    SLICE_X6Y85          FDCE                                         f  write_uart/DD0/T0/Q_reg_reg[16]/CLR
  -------------------------------------------------------------------    -------------------

                         (clock sys_clk_pin rise edge)
                                                     10.000    10.000 r  
    E3                                                0.000    10.000 r  clk (IN)
                         net (fo=0)                   0.000    10.000    clk
    E3                   IBUF (Prop_ibuf_I_O)         1.411    11.411 r  clk_IBUF_inst/O
                         net (fo=1, routed)           1.920    13.331    clk_IBUF
    BUFGCTRL_X0Y16       BUFG (Prop_bufg_I_O)         0.091    13.422 r  clk_IBUF_BUFG_inst/O
                         net (fo=244, routed)         1.598    15.021    write_uart/DD0/T0/clk_IBUF_BUFG
    SLICE_X6Y85          FDCE                                         r  write_uart/DD0/T0/Q_reg_reg[16]/C
                         clock pessimism              0.276    15.297    
                         clock uncertainty           -0.035    15.261    
    SLICE_X6Y85          FDCE (Recov_fdce_C_CLR)     -0.319    14.942    write_uart/DD0/T0/Q_reg_reg[16]
  -------------------------------------------------------------------
                         required time                         14.942    
                         arrival time                          -8.027    
  -------------------------------------------------------------------
                         slack                                  6.916    

Slack (MET) :             6.916ns  (required time - arrival time)
  Source:                 write_uart/DD0/FSM0/FSM_sequential_state_reg_reg[1]/C
                            (rising edge-triggered cell FDPE clocked by sys_clk_pin  {rise@0.000ns fall@5.000ns period=10.000ns})
  Destination:            write_uart/DD0/T0/Q_reg_reg[17]/CLR
                            (recovery check against rising-edge clock sys_clk_pin  {rise@0.000ns fall@5.000ns period=10.000ns})
  Path Group:             **async_default**
  Path Type:              Recovery (Max at Slow Process Corner)
  Requirement:            10.000ns  (sys_clk_pin rise@10.000ns - sys_clk_pin rise@0.000ns)
  Data Path Delay:        2.708ns  (logic 0.580ns (21.420%)  route 2.128ns (78.580%))
  Logic Levels:           1  (LUT2=1)
  Clock Path Skew:        -0.022ns (DCD - SCD + CPR)
    Destination Clock Delay (DCD):    5.021ns = ( 15.021 - 10.000 ) 
    Source Clock Delay      (SCD):    5.319ns
    Clock Pessimism Removal (CPR):    0.276ns
  Clock Uncertainty:      0.035ns  ((TSJ^2 + TIJ^2)^1/2 + DJ) / 2 + PE
    Total System Jitter     (TSJ):    0.071ns
    Total Input Jitter      (TIJ):    0.000ns
    Discrete Jitter          (DJ):    0.000ns
    Phase Error              (PE):    0.000ns

    Location             Delay type                Incr(ns)  Path(ns)    Netlist Resource(s)
  -------------------------------------------------------------------    -------------------
                         (clock sys_clk_pin rise edge)
                                                      0.000     0.000 r  
    E3                                                0.000     0.000 r  clk (IN)
                         net (fo=0)                   0.000     0.000    clk
    E3                   IBUF (Prop_ibuf_I_O)         1.482     1.482 r  clk_IBUF_inst/O
                         net (fo=1, routed)           2.025     3.506    clk_IBUF
    BUFGCTRL_X0Y16       BUFG (Prop_bufg_I_O)         0.096     3.602 r  clk_IBUF_BUFG_inst/O
                         net (fo=244, routed)         1.716     5.319    write_uart/DD0/FSM0/clk_IBUF_BUFG
    SLICE_X7Y83          FDPE                                         r  write_uart/DD0/FSM0/FSM_sequential_state_reg_reg[1]/C
  -------------------------------------------------------------------    -------------------
    SLICE_X7Y83          FDPE (Prop_fdpe_C_Q)         0.456     5.775 r  write_uart/DD0/FSM0/FSM_sequential_state_reg_reg[1]/Q
                         net (fo=4, routed)           0.884     6.658    write_uart/DD0/FSM0/FSM_sequential_state_reg_reg[1]_0
    SLICE_X7Y83          LUT2 (Prop_lut2_I0_O)        0.124     6.782 f  write_uart/DD0/FSM0/Q_reg[0]_i_3__0/O
                         net (fo=21, routed)          1.244     8.027    write_uart/DD0/T0/timer_reset
    SLICE_X6Y85          FDCE                                         f  write_uart/DD0/T0/Q_reg_reg[17]/CLR
  -------------------------------------------------------------------    -------------------

                         (clock sys_clk_pin rise edge)
                                                     10.000    10.000 r  
    E3                                                0.000    10.000 r  clk (IN)
                         net (fo=0)                   0.000    10.000    clk
    E3                   IBUF (Prop_ibuf_I_O)         1.411    11.411 r  clk_IBUF_inst/O
                         net (fo=1, routed)           1.920    13.331    clk_IBUF
    BUFGCTRL_X0Y16       BUFG (Prop_bufg_I_O)         0.091    13.422 r  clk_IBUF_BUFG_inst/O
                         net (fo=244, routed)         1.598    15.021    write_uart/DD0/T0/clk_IBUF_BUFG
    SLICE_X6Y85          FDCE                                         r  write_uart/DD0/T0/Q_reg_reg[17]/C
                         clock pessimism              0.276    15.297    
                         clock uncertainty           -0.035    15.261    
    SLICE_X6Y85          FDCE (Recov_fdce_C_CLR)     -0.319    14.942    write_uart/DD0/T0/Q_reg_reg[17]
  -------------------------------------------------------------------
                         required time                         14.942    
                         arrival time                          -8.027    
  -------------------------------------------------------------------
                         slack                                  6.916    

Slack (MET) :             6.916ns  (required time - arrival time)
  Source:                 write_uart/DD0/FSM0/FSM_sequential_state_reg_reg[1]/C
                            (rising edge-triggered cell FDPE clocked by sys_clk_pin  {rise@0.000ns fall@5.000ns period=10.000ns})
  Destination:            write_uart/DD0/T0/Q_reg_reg[18]/CLR
                            (recovery check against rising-edge clock sys_clk_pin  {rise@0.000ns fall@5.000ns period=10.000ns})
  Path Group:             **async_default**
  Path Type:              Recovery (Max at Slow Process Corner)
  Requirement:            10.000ns  (sys_clk_pin rise@10.000ns - sys_clk_pin rise@0.000ns)
  Data Path Delay:        2.708ns  (logic 0.580ns (21.420%)  route 2.128ns (78.580%))
  Logic Levels:           1  (LUT2=1)
  Clock Path Skew:        -0.022ns (DCD - SCD + CPR)
    Destination Clock Delay (DCD):    5.021ns = ( 15.021 - 10.000 ) 
    Source Clock Delay      (SCD):    5.319ns
    Clock Pessimism Removal (CPR):    0.276ns
  Clock Uncertainty:      0.035ns  ((TSJ^2 + TIJ^2)^1/2 + DJ) / 2 + PE
    Total System Jitter     (TSJ):    0.071ns
    Total Input Jitter      (TIJ):    0.000ns
    Discrete Jitter          (DJ):    0.000ns
    Phase Error              (PE):    0.000ns

    Location             Delay type                Incr(ns)  Path(ns)    Netlist Resource(s)
  -------------------------------------------------------------------    -------------------
                         (clock sys_clk_pin rise edge)
                                                      0.000     0.000 r  
    E3                                                0.000     0.000 r  clk (IN)
                         net (fo=0)                   0.000     0.000    clk
    E3                   IBUF (Prop_ibuf_I_O)         1.482     1.482 r  clk_IBUF_inst/O
                         net (fo=1, routed)           2.025     3.506    clk_IBUF
    BUFGCTRL_X0Y16       BUFG (Prop_bufg_I_O)         0.096     3.602 r  clk_IBUF_BUFG_inst/O
                         net (fo=244, routed)         1.716     5.319    write_uart/DD0/FSM0/clk_IBUF_BUFG
    SLICE_X7Y83          FDPE                                         r  write_uart/DD0/FSM0/FSM_sequential_state_reg_reg[1]/C
  -------------------------------------------------------------------    -------------------
    SLICE_X7Y83          FDPE (Prop_fdpe_C_Q)         0.456     5.775 r  write_uart/DD0/FSM0/FSM_sequential_state_reg_reg[1]/Q
                         net (fo=4, routed)           0.884     6.658    write_uart/DD0/FSM0/FSM_sequential_state_reg_reg[1]_0
    SLICE_X7Y83          LUT2 (Prop_lut2_I0_O)        0.124     6.782 f  write_uart/DD0/FSM0/Q_reg[0]_i_3__0/O
                         net (fo=21, routed)          1.244     8.027    write_uart/DD0/T0/timer_reset
    SLICE_X6Y85          FDCE                                         f  write_uart/DD0/T0/Q_reg_reg[18]/CLR
  -------------------------------------------------------------------    -------------------

                         (clock sys_clk_pin rise edge)
                                                     10.000    10.000 r  
    E3                                                0.000    10.000 r  clk (IN)
                         net (fo=0)                   0.000    10.000    clk
    E3                   IBUF (Prop_ibuf_I_O)         1.411    11.411 r  clk_IBUF_inst/O
                         net (fo=1, routed)           1.920    13.331    clk_IBUF
    BUFGCTRL_X0Y16       BUFG (Prop_bufg_I_O)         0.091    13.422 r  clk_IBUF_BUFG_inst/O
                         net (fo=244, routed)         1.598    15.021    write_uart/DD0/T0/clk_IBUF_BUFG
    SLICE_X6Y85          FDCE                                         r  write_uart/DD0/T0/Q_reg_reg[18]/C
                         clock pessimism              0.276    15.297    
                         clock uncertainty           -0.035    15.261    
    SLICE_X6Y85          FDCE (Recov_fdce_C_CLR)     -0.319    14.942    write_uart/DD0/T0/Q_reg_reg[18]
  -------------------------------------------------------------------
                         required time                         14.942    
                         arrival time                          -8.027    
  -------------------------------------------------------------------
                         slack                                  6.916    

Slack (MET) :             6.916ns  (required time - arrival time)
  Source:                 write_uart/DD0/FSM0/FSM_sequential_state_reg_reg[1]/C
                            (rising edge-triggered cell FDPE clocked by sys_clk_pin  {rise@0.000ns fall@5.000ns period=10.000ns})
  Destination:            write_uart/DD0/T0/Q_reg_reg[19]/CLR
                            (recovery check against rising-edge clock sys_clk_pin  {rise@0.000ns fall@5.000ns period=10.000ns})
  Path Group:             **async_default**
  Path Type:              Recovery (Max at Slow Process Corner)
  Requirement:            10.000ns  (sys_clk_pin rise@10.000ns - sys_clk_pin rise@0.000ns)
  Data Path Delay:        2.708ns  (logic 0.580ns (21.420%)  route 2.128ns (78.580%))
  Logic Levels:           1  (LUT2=1)
  Clock Path Skew:        -0.022ns (DCD - SCD + CPR)
    Destination Clock Delay (DCD):    5.021ns = ( 15.021 - 10.000 ) 
    Source Clock Delay      (SCD):    5.319ns
    Clock Pessimism Removal (CPR):    0.276ns
  Clock Uncertainty:      0.035ns  ((TSJ^2 + TIJ^2)^1/2 + DJ) / 2 + PE
    Total System Jitter     (TSJ):    0.071ns
    Total Input Jitter      (TIJ):    0.000ns
    Discrete Jitter          (DJ):    0.000ns
    Phase Error              (PE):    0.000ns

    Location             Delay type                Incr(ns)  Path(ns)    Netlist Resource(s)
  -------------------------------------------------------------------    -------------------
                         (clock sys_clk_pin rise edge)
                                                      0.000     0.000 r  
    E3                                                0.000     0.000 r  clk (IN)
                         net (fo=0)                   0.000     0.000    clk
    E3                   IBUF (Prop_ibuf_I_O)         1.482     1.482 r  clk_IBUF_inst/O
                         net (fo=1, routed)           2.025     3.506    clk_IBUF
    BUFGCTRL_X0Y16       BUFG (Prop_bufg_I_O)         0.096     3.602 r  clk_IBUF_BUFG_inst/O
                         net (fo=244, routed)         1.716     5.319    write_uart/DD0/FSM0/clk_IBUF_BUFG
    SLICE_X7Y83          FDPE                                         r  write_uart/DD0/FSM0/FSM_sequential_state_reg_reg[1]/C
  -------------------------------------------------------------------    -------------------
    SLICE_X7Y83          FDPE (Prop_fdpe_C_Q)         0.456     5.775 r  write_uart/DD0/FSM0/FSM_sequential_state_reg_reg[1]/Q
                         net (fo=4, routed)           0.884     6.658    write_uart/DD0/FSM0/FSM_sequential_state_reg_reg[1]_0
    SLICE_X7Y83          LUT2 (Prop_lut2_I0_O)        0.124     6.782 f  write_uart/DD0/FSM0/Q_reg[0]_i_3__0/O
                         net (fo=21, routed)          1.244     8.027    write_uart/DD0/T0/timer_reset
    SLICE_X6Y85          FDCE                                         f  write_uart/DD0/T0/Q_reg_reg[19]/CLR
  -------------------------------------------------------------------    -------------------

                         (clock sys_clk_pin rise edge)
                                                     10.000    10.000 r  
    E3                                                0.000    10.000 r  clk (IN)
                         net (fo=0)                   0.000    10.000    clk
    E3                   IBUF (Prop_ibuf_I_O)         1.411    11.411 r  clk_IBUF_inst/O
                         net (fo=1, routed)           1.920    13.331    clk_IBUF
    BUFGCTRL_X0Y16       BUFG (Prop_bufg_I_O)         0.091    13.422 r  clk_IBUF_BUFG_inst/O
                         net (fo=244, routed)         1.598    15.021    write_uart/DD0/T0/clk_IBUF_BUFG
    SLICE_X6Y85          FDCE                                         r  write_uart/DD0/T0/Q_reg_reg[19]/C
                         clock pessimism              0.276    15.297    
                         clock uncertainty           -0.035    15.261    
    SLICE_X6Y85          FDCE (Recov_fdce_C_CLR)     -0.319    14.942    write_uart/DD0/T0/Q_reg_reg[19]
  -------------------------------------------------------------------
                         required time                         14.942    
                         arrival time                          -8.027    
  -------------------------------------------------------------------
                         slack                                  6.916    

Slack (MET) :             7.072ns  (required time - arrival time)
  Source:                 read_uart/DD0/FSM0/FSM_sequential_state_reg_reg[1]/C
                            (rising edge-triggered cell FDPE clocked by sys_clk_pin  {rise@0.000ns fall@5.000ns period=10.000ns})
  Destination:            read_uart/DD0/T0/Q_reg_reg[20]/CLR
                            (recovery check against rising-edge clock sys_clk_pin  {rise@0.000ns fall@5.000ns period=10.000ns})
  Path Group:             **async_default**
  Path Type:              Recovery (Max at Slow Process Corner)
  Requirement:            10.000ns  (sys_clk_pin rise@10.000ns - sys_clk_pin rise@0.000ns)
  Data Path Delay:        2.550ns  (logic 0.580ns (22.745%)  route 1.970ns (77.255%))
  Logic Levels:           1  (LUT2=1)
  Clock Path Skew:        -0.024ns (DCD - SCD + CPR)
    Destination Clock Delay (DCD):    5.029ns = ( 15.029 - 10.000 ) 
    Source Clock Delay      (SCD):    5.328ns
    Clock Pessimism Removal (CPR):    0.275ns
  Clock Uncertainty:      0.035ns  ((TSJ^2 + TIJ^2)^1/2 + DJ) / 2 + PE
    Total System Jitter     (TSJ):    0.071ns
    Total Input Jitter      (TIJ):    0.000ns
    Discrete Jitter          (DJ):    0.000ns
    Phase Error              (PE):    0.000ns

    Location             Delay type                Incr(ns)  Path(ns)    Netlist Resource(s)
  -------------------------------------------------------------------    -------------------
                         (clock sys_clk_pin rise edge)
                                                      0.000     0.000 r  
    E3                                                0.000     0.000 r  clk (IN)
                         net (fo=0)                   0.000     0.000    clk
    E3                   IBUF (Prop_ibuf_I_O)         1.482     1.482 r  clk_IBUF_inst/O
                         net (fo=1, routed)           2.025     3.506    clk_IBUF
    BUFGCTRL_X0Y16       BUFG (Prop_bufg_I_O)         0.096     3.602 r  clk_IBUF_BUFG_inst/O
                         net (fo=244, routed)         1.725     5.328    read_uart/DD0/FSM0/clk_IBUF_BUFG
    SLICE_X3Y94          FDPE                                         r  read_uart/DD0/FSM0/FSM_sequential_state_reg_reg[1]/C
  -------------------------------------------------------------------    -------------------
    SLICE_X3Y94          FDPE (Prop_fdpe_C_Q)         0.456     5.784 r  read_uart/DD0/FSM0/FSM_sequential_state_reg_reg[1]/Q
                         net (fo=4, routed)           0.879     6.662    read_uart/DD0/FSM0/FSM_sequential_state_reg_reg[1]_0
    SLICE_X3Y94          LUT2 (Prop_lut2_I0_O)        0.124     6.786 f  read_uart/DD0/FSM0/Q_reg[0]_i_3/O
                         net (fo=21, routed)          1.091     7.878    read_uart/DD0/T0/timer_reset
    SLICE_X2Y98          FDCE                                         f  read_uart/DD0/T0/Q_reg_reg[20]/CLR
  -------------------------------------------------------------------    -------------------

                         (clock sys_clk_pin rise edge)
                                                     10.000    10.000 r  
    E3                                                0.000    10.000 r  clk (IN)
                         net (fo=0)                   0.000    10.000    clk
    E3                   IBUF (Prop_ibuf_I_O)         1.411    11.411 r  clk_IBUF_inst/O
                         net (fo=1, routed)           1.920    13.331    clk_IBUF
    BUFGCTRL_X0Y16       BUFG (Prop_bufg_I_O)         0.091    13.422 r  clk_IBUF_BUFG_inst/O
                         net (fo=244, routed)         1.606    15.029    read_uart/DD0/T0/clk_IBUF_BUFG
    SLICE_X2Y98          FDCE                                         r  read_uart/DD0/T0/Q_reg_reg[20]/C
                         clock pessimism              0.275    15.304    
                         clock uncertainty           -0.035    15.268    
    SLICE_X2Y98          FDCE (Recov_fdce_C_CLR)     -0.319    14.949    read_uart/DD0/T0/Q_reg_reg[20]
  -------------------------------------------------------------------
                         required time                         14.949    
                         arrival time                          -7.878    
  -------------------------------------------------------------------
                         slack                                  7.072    

Slack (MET) :             7.210ns  (required time - arrival time)
  Source:                 read_uart/DD0/FSM0/FSM_sequential_state_reg_reg[1]/C
                            (rising edge-triggered cell FDPE clocked by sys_clk_pin  {rise@0.000ns fall@5.000ns period=10.000ns})
  Destination:            read_uart/DD0/T0/Q_reg_reg[16]/CLR
                            (recovery check against rising-edge clock sys_clk_pin  {rise@0.000ns fall@5.000ns period=10.000ns})
  Path Group:             **async_default**
  Path Type:              Recovery (Max at Slow Process Corner)
  Requirement:            10.000ns  (sys_clk_pin rise@10.000ns - sys_clk_pin rise@0.000ns)
  Data Path Delay:        2.412ns  (logic 0.580ns (24.050%)  route 1.832ns (75.950%))
  Logic Levels:           1  (LUT2=1)
  Clock Path Skew:        -0.024ns (DCD - SCD + CPR)
    Destination Clock Delay (DCD):    5.029ns = ( 15.029 - 10.000 ) 
    Source Clock Delay      (SCD):    5.328ns
    Clock Pessimism Removal (CPR):    0.275ns
  Clock Uncertainty:      0.035ns  ((TSJ^2 + TIJ^2)^1/2 + DJ) / 2 + PE
    Total System Jitter     (TSJ):    0.071ns
    Total Input Jitter      (TIJ):    0.000ns
    Discrete Jitter          (DJ):    0.000ns
    Phase Error              (PE):    0.000ns

    Location             Delay type                Incr(ns)  Path(ns)    Netlist Resource(s)
  -------------------------------------------------------------------    -------------------
                         (clock sys_clk_pin rise edge)
                                                      0.000     0.000 r  
    E3                                                0.000     0.000 r  clk (IN)
                         net (fo=0)                   0.000     0.000    clk
    E3                   IBUF (Prop_ibuf_I_O)         1.482     1.482 r  clk_IBUF_inst/O
                         net (fo=1, routed)           2.025     3.506    clk_IBUF
    BUFGCTRL_X0Y16       BUFG (Prop_bufg_I_O)         0.096     3.602 r  clk_IBUF_BUFG_inst/O
                         net (fo=244, routed)         1.725     5.328    read_uart/DD0/FSM0/clk_IBUF_BUFG
    SLICE_X3Y94          FDPE                                         r  read_uart/DD0/FSM0/FSM_sequential_state_reg_reg[1]/C
  -------------------------------------------------------------------    -------------------
    SLICE_X3Y94          FDPE (Prop_fdpe_C_Q)         0.456     5.784 r  read_uart/DD0/FSM0/FSM_sequential_state_reg_reg[1]/Q
                         net (fo=4, routed)           0.879     6.662    read_uart/DD0/FSM0/FSM_sequential_state_reg_reg[1]_0
    SLICE_X3Y94          LUT2 (Prop_lut2_I0_O)        0.124     6.786 f  read_uart/DD0/FSM0/Q_reg[0]_i_3/O
                         net (fo=21, routed)          0.953     7.739    read_uart/DD0/T0/timer_reset
    SLICE_X2Y97          FDCE                                         f  read_uart/DD0/T0/Q_reg_reg[16]/CLR
  -------------------------------------------------------------------    -------------------

                         (clock sys_clk_pin rise edge)
                                                     10.000    10.000 r  
    E3                                                0.000    10.000 r  clk (IN)
                         net (fo=0)                   0.000    10.000    clk
    E3                   IBUF (Prop_ibuf_I_O)         1.411    11.411 r  clk_IBUF_inst/O
                         net (fo=1, routed)           1.920    13.331    clk_IBUF
    BUFGCTRL_X0Y16       BUFG (Prop_bufg_I_O)         0.091    13.422 r  clk_IBUF_BUFG_inst/O
                         net (fo=244, routed)         1.606    15.029    read_uart/DD0/T0/clk_IBUF_BUFG
    SLICE_X2Y97          FDCE                                         r  read_uart/DD0/T0/Q_reg_reg[16]/C
                         clock pessimism              0.275    15.304    
                         clock uncertainty           -0.035    15.268    
    SLICE_X2Y97          FDCE (Recov_fdce_C_CLR)     -0.319    14.949    read_uart/DD0/T0/Q_reg_reg[16]
  -------------------------------------------------------------------
                         required time                         14.949    
                         arrival time                          -7.739    
  -------------------------------------------------------------------
                         slack                                  7.210    

Slack (MET) :             7.210ns  (required time - arrival time)
  Source:                 read_uart/DD0/FSM0/FSM_sequential_state_reg_reg[1]/C
                            (rising edge-triggered cell FDPE clocked by sys_clk_pin  {rise@0.000ns fall@5.000ns period=10.000ns})
  Destination:            read_uart/DD0/T0/Q_reg_reg[17]/CLR
                            (recovery check against rising-edge clock sys_clk_pin  {rise@0.000ns fall@5.000ns period=10.000ns})
  Path Group:             **async_default**
  Path Type:              Recovery (Max at Slow Process Corner)
  Requirement:            10.000ns  (sys_clk_pin rise@10.000ns - sys_clk_pin rise@0.000ns)
  Data Path Delay:        2.412ns  (logic 0.580ns (24.050%)  route 1.832ns (75.950%))
  Logic Levels:           1  (LUT2=1)
  Clock Path Skew:        -0.024ns (DCD - SCD + CPR)
    Destination Clock Delay (DCD):    5.029ns = ( 15.029 - 10.000 ) 
    Source Clock Delay      (SCD):    5.328ns
    Clock Pessimism Removal (CPR):    0.275ns
  Clock Uncertainty:      0.035ns  ((TSJ^2 + TIJ^2)^1/2 + DJ) / 2 + PE
    Total System Jitter     (TSJ):    0.071ns
    Total Input Jitter      (TIJ):    0.000ns
    Discrete Jitter          (DJ):    0.000ns
    Phase Error              (PE):    0.000ns

    Location             Delay type                Incr(ns)  Path(ns)    Netlist Resource(s)
  -------------------------------------------------------------------    -------------------
                         (clock sys_clk_pin rise edge)
                                                      0.000     0.000 r  
    E3                                                0.000     0.000 r  clk (IN)
                         net (fo=0)                   0.000     0.000    clk
    E3                   IBUF (Prop_ibuf_I_O)         1.482     1.482 r  clk_IBUF_inst/O
                         net (fo=1, routed)           2.025     3.506    clk_IBUF
    BUFGCTRL_X0Y16       BUFG (Prop_bufg_I_O)         0.096     3.602 r  clk_IBUF_BUFG_inst/O
                         net (fo=244, routed)         1.725     5.328    read_uart/DD0/FSM0/clk_IBUF_BUFG
    SLICE_X3Y94          FDPE                                         r  read_uart/DD0/FSM0/FSM_sequential_state_reg_reg[1]/C
  -------------------------------------------------------------------    -------------------
    SLICE_X3Y94          FDPE (Prop_fdpe_C_Q)         0.456     5.784 r  read_uart/DD0/FSM0/FSM_sequential_state_reg_reg[1]/Q
                         net (fo=4, routed)           0.879     6.662    read_uart/DD0/FSM0/FSM_sequential_state_reg_reg[1]_0
    SLICE_X3Y94          LUT2 (Prop_lut2_I0_O)        0.124     6.786 f  read_uart/DD0/FSM0/Q_reg[0]_i_3/O
                         net (fo=21, routed)          0.953     7.739    read_uart/DD0/T0/timer_reset
    SLICE_X2Y97          FDCE                                         f  read_uart/DD0/T0/Q_reg_reg[17]/CLR
  -------------------------------------------------------------------    -------------------

                         (clock sys_clk_pin rise edge)
                                                     10.000    10.000 r  
    E3                                                0.000    10.000 r  clk (IN)
                         net (fo=0)                   0.000    10.000    clk
    E3                   IBUF (Prop_ibuf_I_O)         1.411    11.411 r  clk_IBUF_inst/O
                         net (fo=1, routed)           1.920    13.331    clk_IBUF
    BUFGCTRL_X0Y16       BUFG (Prop_bufg_I_O)         0.091    13.422 r  clk_IBUF_BUFG_inst/O
                         net (fo=244, routed)         1.606    15.029    read_uart/DD0/T0/clk_IBUF_BUFG
    SLICE_X2Y97          FDCE                                         r  read_uart/DD0/T0/Q_reg_reg[17]/C
                         clock pessimism              0.275    15.304    
                         clock uncertainty           -0.035    15.268    
    SLICE_X2Y97          FDCE (Recov_fdce_C_CLR)     -0.319    14.949    read_uart/DD0/T0/Q_reg_reg[17]
  -------------------------------------------------------------------
                         required time                         14.949    
                         arrival time                          -7.739    
  -------------------------------------------------------------------
                         slack                                  7.210    

Slack (MET) :             7.210ns  (required time - arrival time)
  Source:                 read_uart/DD0/FSM0/FSM_sequential_state_reg_reg[1]/C
                            (rising edge-triggered cell FDPE clocked by sys_clk_pin  {rise@0.000ns fall@5.000ns period=10.000ns})
  Destination:            read_uart/DD0/T0/Q_reg_reg[18]/CLR
                            (recovery check against rising-edge clock sys_clk_pin  {rise@0.000ns fall@5.000ns period=10.000ns})
  Path Group:             **async_default**
  Path Type:              Recovery (Max at Slow Process Corner)
  Requirement:            10.000ns  (sys_clk_pin rise@10.000ns - sys_clk_pin rise@0.000ns)
  Data Path Delay:        2.412ns  (logic 0.580ns (24.050%)  route 1.832ns (75.950%))
  Logic Levels:           1  (LUT2=1)
  Clock Path Skew:        -0.024ns (DCD - SCD + CPR)
    Destination Clock Delay (DCD):    5.029ns = ( 15.029 - 10.000 ) 
    Source Clock Delay      (SCD):    5.328ns
    Clock Pessimism Removal (CPR):    0.275ns
  Clock Uncertainty:      0.035ns  ((TSJ^2 + TIJ^2)^1/2 + DJ) / 2 + PE
    Total System Jitter     (TSJ):    0.071ns
    Total Input Jitter      (TIJ):    0.000ns
    Discrete Jitter          (DJ):    0.000ns
    Phase Error              (PE):    0.000ns

    Location             Delay type                Incr(ns)  Path(ns)    Netlist Resource(s)
  -------------------------------------------------------------------    -------------------
                         (clock sys_clk_pin rise edge)
                                                      0.000     0.000 r  
    E3                                                0.000     0.000 r  clk (IN)
                         net (fo=0)                   0.000     0.000    clk
    E3                   IBUF (Prop_ibuf_I_O)         1.482     1.482 r  clk_IBUF_inst/O
                         net (fo=1, routed)           2.025     3.506    clk_IBUF
    BUFGCTRL_X0Y16       BUFG (Prop_bufg_I_O)         0.096     3.602 r  clk_IBUF_BUFG_inst/O
                         net (fo=244, routed)         1.725     5.328    read_uart/DD0/FSM0/clk_IBUF_BUFG
    SLICE_X3Y94          FDPE                                         r  read_uart/DD0/FSM0/FSM_sequential_state_reg_reg[1]/C
  -------------------------------------------------------------------    -------------------
    SLICE_X3Y94          FDPE (Prop_fdpe_C_Q)         0.456     5.784 r  read_uart/DD0/FSM0/FSM_sequential_state_reg_reg[1]/Q
                         net (fo=4, routed)           0.879     6.662    read_uart/DD0/FSM0/FSM_sequential_state_reg_reg[1]_0
    SLICE_X3Y94          LUT2 (Prop_lut2_I0_O)        0.124     6.786 f  read_uart/DD0/FSM0/Q_reg[0]_i_3/O
                         net (fo=21, routed)          0.953     7.739    read_uart/DD0/T0/timer_reset
    SLICE_X2Y97          FDCE                                         f  read_uart/DD0/T0/Q_reg_reg[18]/CLR
  -------------------------------------------------------------------    -------------------

                         (clock sys_clk_pin rise edge)
                                                     10.000    10.000 r  
    E3                                                0.000    10.000 r  clk (IN)
                         net (fo=0)                   0.000    10.000    clk
    E3                   IBUF (Prop_ibuf_I_O)         1.411    11.411 r  clk_IBUF_inst/O
                         net (fo=1, routed)           1.920    13.331    clk_IBUF
    BUFGCTRL_X0Y16       BUFG (Prop_bufg_I_O)         0.091    13.422 r  clk_IBUF_BUFG_inst/O
                         net (fo=244, routed)         1.606    15.029    read_uart/DD0/T0/clk_IBUF_BUFG
    SLICE_X2Y97          FDCE                                         r  read_uart/DD0/T0/Q_reg_reg[18]/C
                         clock pessimism              0.275    15.304    
                         clock uncertainty           -0.035    15.268    
    SLICE_X2Y97          FDCE (Recov_fdce_C_CLR)     -0.319    14.949    read_uart/DD0/T0/Q_reg_reg[18]
  -------------------------------------------------------------------
                         required time                         14.949    
                         arrival time                          -7.739    
  -------------------------------------------------------------------
                         slack                                  7.210    

Slack (MET) :             7.210ns  (required time - arrival time)
  Source:                 read_uart/DD0/FSM0/FSM_sequential_state_reg_reg[1]/C
                            (rising edge-triggered cell FDPE clocked by sys_clk_pin  {rise@0.000ns fall@5.000ns period=10.000ns})
  Destination:            read_uart/DD0/T0/Q_reg_reg[19]/CLR
                            (recovery check against rising-edge clock sys_clk_pin  {rise@0.000ns fall@5.000ns period=10.000ns})
  Path Group:             **async_default**
  Path Type:              Recovery (Max at Slow Process Corner)
  Requirement:            10.000ns  (sys_clk_pin rise@10.000ns - sys_clk_pin rise@0.000ns)
  Data Path Delay:        2.412ns  (logic 0.580ns (24.050%)  route 1.832ns (75.950%))
  Logic Levels:           1  (LUT2=1)
  Clock Path Skew:        -0.024ns (DCD - SCD + CPR)
    Destination Clock Delay (DCD):    5.029ns = ( 15.029 - 10.000 ) 
    Source Clock Delay      (SCD):    5.328ns
    Clock Pessimism Removal (CPR):    0.275ns
  Clock Uncertainty:      0.035ns  ((TSJ^2 + TIJ^2)^1/2 + DJ) / 2 + PE
    Total System Jitter     (TSJ):    0.071ns
    Total Input Jitter      (TIJ):    0.000ns
    Discrete Jitter          (DJ):    0.000ns
    Phase Error              (PE):    0.000ns

    Location             Delay type                Incr(ns)  Path(ns)    Netlist Resource(s)
  -------------------------------------------------------------------    -------------------
                         (clock sys_clk_pin rise edge)
                                                      0.000     0.000 r  
    E3                                                0.000     0.000 r  clk (IN)
                         net (fo=0)                   0.000     0.000    clk
    E3                   IBUF (Prop_ibuf_I_O)         1.482     1.482 r  clk_IBUF_inst/O
                         net (fo=1, routed)           2.025     3.506    clk_IBUF
    BUFGCTRL_X0Y16       BUFG (Prop_bufg_I_O)         0.096     3.602 r  clk_IBUF_BUFG_inst/O
                         net (fo=244, routed)         1.725     5.328    read_uart/DD0/FSM0/clk_IBUF_BUFG
    SLICE_X3Y94          FDPE                                         r  read_uart/DD0/FSM0/FSM_sequential_state_reg_reg[1]/C
  -------------------------------------------------------------------    -------------------
    SLICE_X3Y94          FDPE (Prop_fdpe_C_Q)         0.456     5.784 r  read_uart/DD0/FSM0/FSM_sequential_state_reg_reg[1]/Q
                         net (fo=4, routed)           0.879     6.662    read_uart/DD0/FSM0/FSM_sequential_state_reg_reg[1]_0
    SLICE_X3Y94          LUT2 (Prop_lut2_I0_O)        0.124     6.786 f  read_uart/DD0/FSM0/Q_reg[0]_i_3/O
                         net (fo=21, routed)          0.953     7.739    read_uart/DD0/T0/timer_reset
    SLICE_X2Y97          FDCE                                         f  read_uart/DD0/T0/Q_reg_reg[19]/CLR
  -------------------------------------------------------------------    -------------------

                         (clock sys_clk_pin rise edge)
                                                     10.000    10.000 r  
    E3                                                0.000    10.000 r  clk (IN)
                         net (fo=0)                   0.000    10.000    clk
    E3                   IBUF (Prop_ibuf_I_O)         1.411    11.411 r  clk_IBUF_inst/O
                         net (fo=1, routed)           1.920    13.331    clk_IBUF
    BUFGCTRL_X0Y16       BUFG (Prop_bufg_I_O)         0.091    13.422 r  clk_IBUF_BUFG_inst/O
                         net (fo=244, routed)         1.606    15.029    read_uart/DD0/T0/clk_IBUF_BUFG
    SLICE_X2Y97          FDCE                                         r  read_uart/DD0/T0/Q_reg_reg[19]/C
                         clock pessimism              0.275    15.304    
                         clock uncertainty           -0.035    15.268    
    SLICE_X2Y97          FDCE (Recov_fdce_C_CLR)     -0.319    14.949    read_uart/DD0/T0/Q_reg_reg[19]
  -------------------------------------------------------------------
                         required time                         14.949    
                         arrival time                          -7.739    
  -------------------------------------------------------------------
                         slack                                  7.210    

Slack (MET) :             7.357ns  (required time - arrival time)
  Source:                 read_uart/DD0/FSM0/FSM_sequential_state_reg_reg[1]/C
                            (rising edge-triggered cell FDPE clocked by sys_clk_pin  {rise@0.000ns fall@5.000ns period=10.000ns})
  Destination:            read_uart/DD0/T0/Q_reg_reg[12]/CLR
                            (recovery check against rising-edge clock sys_clk_pin  {rise@0.000ns fall@5.000ns period=10.000ns})
  Path Group:             **async_default**
  Path Type:              Recovery (Max at Slow Process Corner)
  Requirement:            10.000ns  (sys_clk_pin rise@10.000ns - sys_clk_pin rise@0.000ns)
  Data Path Delay:        2.263ns  (logic 0.580ns (25.626%)  route 1.683ns (74.374%))
  Logic Levels:           1  (LUT2=1)
  Clock Path Skew:        -0.025ns (DCD - SCD + CPR)
    Destination Clock Delay (DCD):    5.028ns = ( 15.028 - 10.000 ) 
    Source Clock Delay      (SCD):    5.328ns
    Clock Pessimism Removal (CPR):    0.275ns
  Clock Uncertainty:      0.035ns  ((TSJ^2 + TIJ^2)^1/2 + DJ) / 2 + PE
    Total System Jitter     (TSJ):    0.071ns
    Total Input Jitter      (TIJ):    0.000ns
    Discrete Jitter          (DJ):    0.000ns
    Phase Error              (PE):    0.000ns

    Location             Delay type                Incr(ns)  Path(ns)    Netlist Resource(s)
  -------------------------------------------------------------------    -------------------
                         (clock sys_clk_pin rise edge)
                                                      0.000     0.000 r  
    E3                                                0.000     0.000 r  clk (IN)
                         net (fo=0)                   0.000     0.000    clk
    E3                   IBUF (Prop_ibuf_I_O)         1.482     1.482 r  clk_IBUF_inst/O
                         net (fo=1, routed)           2.025     3.506    clk_IBUF
    BUFGCTRL_X0Y16       BUFG (Prop_bufg_I_O)         0.096     3.602 r  clk_IBUF_BUFG_inst/O
                         net (fo=244, routed)         1.725     5.328    read_uart/DD0/FSM0/clk_IBUF_BUFG
    SLICE_X3Y94          FDPE                                         r  read_uart/DD0/FSM0/FSM_sequential_state_reg_reg[1]/C
  -------------------------------------------------------------------    -------------------
    SLICE_X3Y94          FDPE (Prop_fdpe_C_Q)         0.456     5.784 r  read_uart/DD0/FSM0/FSM_sequential_state_reg_reg[1]/Q
                         net (fo=4, routed)           0.879     6.662    read_uart/DD0/FSM0/FSM_sequential_state_reg_reg[1]_0
    SLICE_X3Y94          LUT2 (Prop_lut2_I0_O)        0.124     6.786 f  read_uart/DD0/FSM0/Q_reg[0]_i_3/O
                         net (fo=21, routed)          0.805     7.591    read_uart/DD0/T0/timer_reset
    SLICE_X2Y96          FDCE                                         f  read_uart/DD0/T0/Q_reg_reg[12]/CLR
  -------------------------------------------------------------------    -------------------

                         (clock sys_clk_pin rise edge)
                                                     10.000    10.000 r  
    E3                                                0.000    10.000 r  clk (IN)
                         net (fo=0)                   0.000    10.000    clk
    E3                   IBUF (Prop_ibuf_I_O)         1.411    11.411 r  clk_IBUF_inst/O
                         net (fo=1, routed)           1.920    13.331    clk_IBUF
    BUFGCTRL_X0Y16       BUFG (Prop_bufg_I_O)         0.091    13.422 r  clk_IBUF_BUFG_inst/O
                         net (fo=244, routed)         1.605    15.028    read_uart/DD0/T0/clk_IBUF_BUFG
    SLICE_X2Y96          FDCE                                         r  read_uart/DD0/T0/Q_reg_reg[12]/C
                         clock pessimism              0.275    15.303    
                         clock uncertainty           -0.035    15.267    
    SLICE_X2Y96          FDCE (Recov_fdce_C_CLR)     -0.319    14.948    read_uart/DD0/T0/Q_reg_reg[12]
  -------------------------------------------------------------------
                         required time                         14.948    
                         arrival time                          -7.591    
  -------------------------------------------------------------------
                         slack                                  7.357    





Min Delay Paths
--------------------------------------------------------------------------------------
Slack (MET) :             0.608ns  (arrival time - required time)
  Source:                 write_uart/DD0/FSM0/FSM_sequential_state_reg_reg[0]/C
                            (rising edge-triggered cell FDCE clocked by sys_clk_pin  {rise@0.000ns fall@5.000ns period=10.000ns})
  Destination:            write_uart/DD0/T0/Q_reg_reg[10]/CLR
                            (removal check against rising-edge clock sys_clk_pin  {rise@0.000ns fall@5.000ns period=10.000ns})
  Path Group:             **async_default**
  Path Type:              Removal (Min at Fast Process Corner)
  Requirement:            0.000ns  (sys_clk_pin rise@0.000ns - sys_clk_pin rise@0.000ns)
  Data Path Delay:        0.554ns  (logic 0.186ns (33.602%)  route 0.368ns (66.398%))
  Logic Levels:           1  (LUT2=1)
  Clock Path Skew:        0.013ns (DCD - SCD - CPR)
    Destination Clock Delay (DCD):    2.032ns
    Source Clock Delay      (SCD):    1.517ns
    Clock Pessimism Removal (CPR):    0.501ns

    Location             Delay type                Incr(ns)  Path(ns)    Netlist Resource(s)
  -------------------------------------------------------------------    -------------------
                         (clock sys_clk_pin rise edge)
                                                      0.000     0.000 r  
    E3                                                0.000     0.000 r  clk (IN)
                         net (fo=0)                   0.000     0.000    clk
    E3                   IBUF (Prop_ibuf_I_O)         0.250     0.250 r  clk_IBUF_inst/O
                         net (fo=1, routed)           0.644     0.894    clk_IBUF
    BUFGCTRL_X0Y16       BUFG (Prop_bufg_I_O)         0.026     0.920 r  clk_IBUF_BUFG_inst/O
                         net (fo=244, routed)         0.598     1.517    write_uart/DD0/FSM0/clk_IBUF_BUFG
    SLICE_X7Y83          FDCE                                         r  write_uart/DD0/FSM0/FSM_sequential_state_reg_reg[0]/C
  -------------------------------------------------------------------    -------------------
    SLICE_X7Y83          FDCE (Prop_fdce_C_Q)         0.141     1.658 r  write_uart/DD0/FSM0/FSM_sequential_state_reg_reg[0]/Q
                         net (fo=3, routed)           0.236     1.895    write_uart/DD0/FSM0/state_reg[0]
    SLICE_X7Y83          LUT2 (Prop_lut2_I1_O)        0.045     1.940 f  write_uart/DD0/FSM0/Q_reg[0]_i_3__0/O
                         net (fo=21, routed)          0.131     2.071    write_uart/DD0/T0/timer_reset
    SLICE_X6Y83          FDCE                                         f  write_uart/DD0/T0/Q_reg_reg[10]/CLR
  -------------------------------------------------------------------    -------------------

                         (clock sys_clk_pin rise edge)
                                                      0.000     0.000 r  
    E3                                                0.000     0.000 r  clk (IN)
                         net (fo=0)                   0.000     0.000    clk
    E3                   IBUF (Prop_ibuf_I_O)         0.438     0.438 r  clk_IBUF_inst/O
                         net (fo=1, routed)           0.699     1.136    clk_IBUF
    BUFGCTRL_X0Y16       BUFG (Prop_bufg_I_O)         0.029     1.165 r  clk_IBUF_BUFG_inst/O
                         net (fo=244, routed)         0.867     2.032    write_uart/DD0/T0/clk_IBUF_BUFG
    SLICE_X6Y83          FDCE                                         r  write_uart/DD0/T0/Q_reg_reg[10]/C
                         clock pessimism             -0.501     1.530    
    SLICE_X6Y83          FDCE (Remov_fdce_C_CLR)     -0.067     1.463    write_uart/DD0/T0/Q_reg_reg[10]
  -------------------------------------------------------------------
                         required time                         -1.463    
                         arrival time                           2.071    
  -------------------------------------------------------------------
                         slack                                  0.608    

Slack (MET) :             0.608ns  (arrival time - required time)
  Source:                 write_uart/DD0/FSM0/FSM_sequential_state_reg_reg[0]/C
                            (rising edge-triggered cell FDCE clocked by sys_clk_pin  {rise@0.000ns fall@5.000ns period=10.000ns})
  Destination:            write_uart/DD0/T0/Q_reg_reg[11]/CLR
                            (removal check against rising-edge clock sys_clk_pin  {rise@0.000ns fall@5.000ns period=10.000ns})
  Path Group:             **async_default**
  Path Type:              Removal (Min at Fast Process Corner)
  Requirement:            0.000ns  (sys_clk_pin rise@0.000ns - sys_clk_pin rise@0.000ns)
  Data Path Delay:        0.554ns  (logic 0.186ns (33.602%)  route 0.368ns (66.398%))
  Logic Levels:           1  (LUT2=1)
  Clock Path Skew:        0.013ns (DCD - SCD - CPR)
    Destination Clock Delay (DCD):    2.032ns
    Source Clock Delay      (SCD):    1.517ns
    Clock Pessimism Removal (CPR):    0.501ns

    Location             Delay type                Incr(ns)  Path(ns)    Netlist Resource(s)
  -------------------------------------------------------------------    -------------------
                         (clock sys_clk_pin rise edge)
                                                      0.000     0.000 r  
    E3                                                0.000     0.000 r  clk (IN)
                         net (fo=0)                   0.000     0.000    clk
    E3                   IBUF (Prop_ibuf_I_O)         0.250     0.250 r  clk_IBUF_inst/O
                         net (fo=1, routed)           0.644     0.894    clk_IBUF
    BUFGCTRL_X0Y16       BUFG (Prop_bufg_I_O)         0.026     0.920 r  clk_IBUF_BUFG_inst/O
                         net (fo=244, routed)         0.598     1.517    write_uart/DD0/FSM0/clk_IBUF_BUFG
    SLICE_X7Y83          FDCE                                         r  write_uart/DD0/FSM0/FSM_sequential_state_reg_reg[0]/C
  -------------------------------------------------------------------    -------------------
    SLICE_X7Y83          FDCE (Prop_fdce_C_Q)         0.141     1.658 r  write_uart/DD0/FSM0/FSM_sequential_state_reg_reg[0]/Q
                         net (fo=3, routed)           0.236     1.895    write_uart/DD0/FSM0/state_reg[0]
    SLICE_X7Y83          LUT2 (Prop_lut2_I1_O)        0.045     1.940 f  write_uart/DD0/FSM0/Q_reg[0]_i_3__0/O
                         net (fo=21, routed)          0.131     2.071    write_uart/DD0/T0/timer_reset
    SLICE_X6Y83          FDCE                                         f  write_uart/DD0/T0/Q_reg_reg[11]/CLR
  -------------------------------------------------------------------    -------------------

                         (clock sys_clk_pin rise edge)
                                                      0.000     0.000 r  
    E3                                                0.000     0.000 r  clk (IN)
                         net (fo=0)                   0.000     0.000    clk
    E3                   IBUF (Prop_ibuf_I_O)         0.438     0.438 r  clk_IBUF_inst/O
                         net (fo=1, routed)           0.699     1.136    clk_IBUF
    BUFGCTRL_X0Y16       BUFG (Prop_bufg_I_O)         0.029     1.165 r  clk_IBUF_BUFG_inst/O
                         net (fo=244, routed)         0.867     2.032    write_uart/DD0/T0/clk_IBUF_BUFG
    SLICE_X6Y83          FDCE                                         r  write_uart/DD0/T0/Q_reg_reg[11]/C
                         clock pessimism             -0.501     1.530    
    SLICE_X6Y83          FDCE (Remov_fdce_C_CLR)     -0.067     1.463    write_uart/DD0/T0/Q_reg_reg[11]
  -------------------------------------------------------------------
                         required time                         -1.463    
                         arrival time                           2.071    
  -------------------------------------------------------------------
                         slack                                  0.608    

Slack (MET) :             0.608ns  (arrival time - required time)
  Source:                 write_uart/DD0/FSM0/FSM_sequential_state_reg_reg[0]/C
                            (rising edge-triggered cell FDCE clocked by sys_clk_pin  {rise@0.000ns fall@5.000ns period=10.000ns})
  Destination:            write_uart/DD0/T0/Q_reg_reg[8]/CLR
                            (removal check against rising-edge clock sys_clk_pin  {rise@0.000ns fall@5.000ns period=10.000ns})
  Path Group:             **async_default**
  Path Type:              Removal (Min at Fast Process Corner)
  Requirement:            0.000ns  (sys_clk_pin rise@0.000ns - sys_clk_pin rise@0.000ns)
  Data Path Delay:        0.554ns  (logic 0.186ns (33.602%)  route 0.368ns (66.398%))
  Logic Levels:           1  (LUT2=1)
  Clock Path Skew:        0.013ns (DCD - SCD - CPR)
    Destination Clock Delay (DCD):    2.032ns
    Source Clock Delay      (SCD):    1.517ns
    Clock Pessimism Removal (CPR):    0.501ns

    Location             Delay type                Incr(ns)  Path(ns)    Netlist Resource(s)
  -------------------------------------------------------------------    -------------------
                         (clock sys_clk_pin rise edge)
                                                      0.000     0.000 r  
    E3                                                0.000     0.000 r  clk (IN)
                         net (fo=0)                   0.000     0.000    clk
    E3                   IBUF (Prop_ibuf_I_O)         0.250     0.250 r  clk_IBUF_inst/O
                         net (fo=1, routed)           0.644     0.894    clk_IBUF
    BUFGCTRL_X0Y16       BUFG (Prop_bufg_I_O)         0.026     0.920 r  clk_IBUF_BUFG_inst/O
                         net (fo=244, routed)         0.598     1.517    write_uart/DD0/FSM0/clk_IBUF_BUFG
    SLICE_X7Y83          FDCE                                         r  write_uart/DD0/FSM0/FSM_sequential_state_reg_reg[0]/C
  -------------------------------------------------------------------    -------------------
    SLICE_X7Y83          FDCE (Prop_fdce_C_Q)         0.141     1.658 r  write_uart/DD0/FSM0/FSM_sequential_state_reg_reg[0]/Q
                         net (fo=3, routed)           0.236     1.895    write_uart/DD0/FSM0/state_reg[0]
    SLICE_X7Y83          LUT2 (Prop_lut2_I1_O)        0.045     1.940 f  write_uart/DD0/FSM0/Q_reg[0]_i_3__0/O
                         net (fo=21, routed)          0.131     2.071    write_uart/DD0/T0/timer_reset
    SLICE_X6Y83          FDCE                                         f  write_uart/DD0/T0/Q_reg_reg[8]/CLR
  -------------------------------------------------------------------    -------------------

                         (clock sys_clk_pin rise edge)
                                                      0.000     0.000 r  
    E3                                                0.000     0.000 r  clk (IN)
                         net (fo=0)                   0.000     0.000    clk
    E3                   IBUF (Prop_ibuf_I_O)         0.438     0.438 r  clk_IBUF_inst/O
                         net (fo=1, routed)           0.699     1.136    clk_IBUF
    BUFGCTRL_X0Y16       BUFG (Prop_bufg_I_O)         0.029     1.165 r  clk_IBUF_BUFG_inst/O
                         net (fo=244, routed)         0.867     2.032    write_uart/DD0/T0/clk_IBUF_BUFG
    SLICE_X6Y83          FDCE                                         r  write_uart/DD0/T0/Q_reg_reg[8]/C
                         clock pessimism             -0.501     1.530    
    SLICE_X6Y83          FDCE (Remov_fdce_C_CLR)     -0.067     1.463    write_uart/DD0/T0/Q_reg_reg[8]
  -------------------------------------------------------------------
                         required time                         -1.463    
                         arrival time                           2.071    
  -------------------------------------------------------------------
                         slack                                  0.608    

Slack (MET) :             0.608ns  (arrival time - required time)
  Source:                 write_uart/DD0/FSM0/FSM_sequential_state_reg_reg[0]/C
                            (rising edge-triggered cell FDCE clocked by sys_clk_pin  {rise@0.000ns fall@5.000ns period=10.000ns})
  Destination:            write_uart/DD0/T0/Q_reg_reg[9]/CLR
                            (removal check against rising-edge clock sys_clk_pin  {rise@0.000ns fall@5.000ns period=10.000ns})
  Path Group:             **async_default**
  Path Type:              Removal (Min at Fast Process Corner)
  Requirement:            0.000ns  (sys_clk_pin rise@0.000ns - sys_clk_pin rise@0.000ns)
  Data Path Delay:        0.554ns  (logic 0.186ns (33.602%)  route 0.368ns (66.398%))
  Logic Levels:           1  (LUT2=1)
  Clock Path Skew:        0.013ns (DCD - SCD - CPR)
    Destination Clock Delay (DCD):    2.032ns
    Source Clock Delay      (SCD):    1.517ns
    Clock Pessimism Removal (CPR):    0.501ns

    Location             Delay type                Incr(ns)  Path(ns)    Netlist Resource(s)
  -------------------------------------------------------------------    -------------------
                         (clock sys_clk_pin rise edge)
                                                      0.000     0.000 r  
    E3                                                0.000     0.000 r  clk (IN)
                         net (fo=0)                   0.000     0.000    clk
    E3                   IBUF (Prop_ibuf_I_O)         0.250     0.250 r  clk_IBUF_inst/O
                         net (fo=1, routed)           0.644     0.894    clk_IBUF
    BUFGCTRL_X0Y16       BUFG (Prop_bufg_I_O)         0.026     0.920 r  clk_IBUF_BUFG_inst/O
                         net (fo=244, routed)         0.598     1.517    write_uart/DD0/FSM0/clk_IBUF_BUFG
    SLICE_X7Y83          FDCE                                         r  write_uart/DD0/FSM0/FSM_sequential_state_reg_reg[0]/C
  -------------------------------------------------------------------    -------------------
    SLICE_X7Y83          FDCE (Prop_fdce_C_Q)         0.141     1.658 r  write_uart/DD0/FSM0/FSM_sequential_state_reg_reg[0]/Q
                         net (fo=3, routed)           0.236     1.895    write_uart/DD0/FSM0/state_reg[0]
    SLICE_X7Y83          LUT2 (Prop_lut2_I1_O)        0.045     1.940 f  write_uart/DD0/FSM0/Q_reg[0]_i_3__0/O
                         net (fo=21, routed)          0.131     2.071    write_uart/DD0/T0/timer_reset
    SLICE_X6Y83          FDCE                                         f  write_uart/DD0/T0/Q_reg_reg[9]/CLR
  -------------------------------------------------------------------    -------------------

                         (clock sys_clk_pin rise edge)
                                                      0.000     0.000 r  
    E3                                                0.000     0.000 r  clk (IN)
                         net (fo=0)                   0.000     0.000    clk
    E3                   IBUF (Prop_ibuf_I_O)         0.438     0.438 r  clk_IBUF_inst/O
                         net (fo=1, routed)           0.699     1.136    clk_IBUF
    BUFGCTRL_X0Y16       BUFG (Prop_bufg_I_O)         0.029     1.165 r  clk_IBUF_BUFG_inst/O
                         net (fo=244, routed)         0.867     2.032    write_uart/DD0/T0/clk_IBUF_BUFG
    SLICE_X6Y83          FDCE                                         r  write_uart/DD0/T0/Q_reg_reg[9]/C
                         clock pessimism             -0.501     1.530    
    SLICE_X6Y83          FDCE (Remov_fdce_C_CLR)     -0.067     1.463    write_uart/DD0/T0/Q_reg_reg[9]
  -------------------------------------------------------------------
                         required time                         -1.463    
                         arrival time                           2.071    
  -------------------------------------------------------------------
                         slack                                  0.608    

Slack (MET) :             0.670ns  (arrival time - required time)
  Source:                 write_uart/DD0/FSM0/FSM_sequential_state_reg_reg[0]/C
                            (rising edge-triggered cell FDCE clocked by sys_clk_pin  {rise@0.000ns fall@5.000ns period=10.000ns})
  Destination:            write_uart/DD0/T0/Q_reg_reg[12]/CLR
                            (removal check against rising-edge clock sys_clk_pin  {rise@0.000ns fall@5.000ns period=10.000ns})
  Path Group:             **async_default**
  Path Type:              Removal (Min at Fast Process Corner)
  Requirement:            0.000ns  (sys_clk_pin rise@0.000ns - sys_clk_pin rise@0.000ns)
  Data Path Delay:        0.618ns  (logic 0.186ns (30.081%)  route 0.432ns (69.919%))
  Logic Levels:           1  (LUT2=1)
  Clock Path Skew:        0.015ns (DCD - SCD - CPR)
    Destination Clock Delay (DCD):    2.033ns
    Source Clock Delay      (SCD):    1.517ns
    Clock Pessimism Removal (CPR):    0.500ns

    Location             Delay type                Incr(ns)  Path(ns)    Netlist Resource(s)
  -------------------------------------------------------------------    -------------------
                         (clock sys_clk_pin rise edge)
                                                      0.000     0.000 r  
    E3                                                0.000     0.000 r  clk (IN)
                         net (fo=0)                   0.000     0.000    clk
    E3                   IBUF (Prop_ibuf_I_O)         0.250     0.250 r  clk_IBUF_inst/O
                         net (fo=1, routed)           0.644     0.894    clk_IBUF
    BUFGCTRL_X0Y16       BUFG (Prop_bufg_I_O)         0.026     0.920 r  clk_IBUF_BUFG_inst/O
                         net (fo=244, routed)         0.598     1.517    write_uart/DD0/FSM0/clk_IBUF_BUFG
    SLICE_X7Y83          FDCE                                         r  write_uart/DD0/FSM0/FSM_sequential_state_reg_reg[0]/C
  -------------------------------------------------------------------    -------------------
    SLICE_X7Y83          FDCE (Prop_fdce_C_Q)         0.141     1.658 r  write_uart/DD0/FSM0/FSM_sequential_state_reg_reg[0]/Q
                         net (fo=3, routed)           0.236     1.895    write_uart/DD0/FSM0/state_reg[0]
    SLICE_X7Y83          LUT2 (Prop_lut2_I1_O)        0.045     1.940 f  write_uart/DD0/FSM0/Q_reg[0]_i_3__0/O
                         net (fo=21, routed)          0.196     2.136    write_uart/DD0/T0/timer_reset
    SLICE_X6Y84          FDCE                                         f  write_uart/DD0/T0/Q_reg_reg[12]/CLR
  -------------------------------------------------------------------    -------------------

                         (clock sys_clk_pin rise edge)
                                                      0.000     0.000 r  
    E3                                                0.000     0.000 r  clk (IN)
                         net (fo=0)                   0.000     0.000    clk
    E3                   IBUF (Prop_ibuf_I_O)         0.438     0.438 r  clk_IBUF_inst/O
                         net (fo=1, routed)           0.699     1.136    clk_IBUF
    BUFGCTRL_X0Y16       BUFG (Prop_bufg_I_O)         0.029     1.165 r  clk_IBUF_BUFG_inst/O
                         net (fo=244, routed)         0.868     2.033    write_uart/DD0/T0/clk_IBUF_BUFG
    SLICE_X6Y84          FDCE                                         r  write_uart/DD0/T0/Q_reg_reg[12]/C
                         clock pessimism             -0.500     1.532    
    SLICE_X6Y84          FDCE (Remov_fdce_C_CLR)     -0.067     1.465    write_uart/DD0/T0/Q_reg_reg[12]
  -------------------------------------------------------------------
                         required time                         -1.465    
                         arrival time                           2.136    
  -------------------------------------------------------------------
                         slack                                  0.670    

Slack (MET) :             0.670ns  (arrival time - required time)
  Source:                 write_uart/DD0/FSM0/FSM_sequential_state_reg_reg[0]/C
                            (rising edge-triggered cell FDCE clocked by sys_clk_pin  {rise@0.000ns fall@5.000ns period=10.000ns})
  Destination:            write_uart/DD0/T0/Q_reg_reg[13]/CLR
                            (removal check against rising-edge clock sys_clk_pin  {rise@0.000ns fall@5.000ns period=10.000ns})
  Path Group:             **async_default**
  Path Type:              Removal (Min at Fast Process Corner)
  Requirement:            0.000ns  (sys_clk_pin rise@0.000ns - sys_clk_pin rise@0.000ns)
  Data Path Delay:        0.618ns  (logic 0.186ns (30.081%)  route 0.432ns (69.919%))
  Logic Levels:           1  (LUT2=1)
  Clock Path Skew:        0.015ns (DCD - SCD - CPR)
    Destination Clock Delay (DCD):    2.033ns
    Source Clock Delay      (SCD):    1.517ns
    Clock Pessimism Removal (CPR):    0.500ns

    Location             Delay type                Incr(ns)  Path(ns)    Netlist Resource(s)
  -------------------------------------------------------------------    -------------------
                         (clock sys_clk_pin rise edge)
                                                      0.000     0.000 r  
    E3                                                0.000     0.000 r  clk (IN)
                         net (fo=0)                   0.000     0.000    clk
    E3                   IBUF (Prop_ibuf_I_O)         0.250     0.250 r  clk_IBUF_inst/O
                         net (fo=1, routed)           0.644     0.894    clk_IBUF
    BUFGCTRL_X0Y16       BUFG (Prop_bufg_I_O)         0.026     0.920 r  clk_IBUF_BUFG_inst/O
                         net (fo=244, routed)         0.598     1.517    write_uart/DD0/FSM0/clk_IBUF_BUFG
    SLICE_X7Y83          FDCE                                         r  write_uart/DD0/FSM0/FSM_sequential_state_reg_reg[0]/C
  -------------------------------------------------------------------    -------------------
    SLICE_X7Y83          FDCE (Prop_fdce_C_Q)         0.141     1.658 r  write_uart/DD0/FSM0/FSM_sequential_state_reg_reg[0]/Q
                         net (fo=3, routed)           0.236     1.895    write_uart/DD0/FSM0/state_reg[0]
    SLICE_X7Y83          LUT2 (Prop_lut2_I1_O)        0.045     1.940 f  write_uart/DD0/FSM0/Q_reg[0]_i_3__0/O
                         net (fo=21, routed)          0.196     2.136    write_uart/DD0/T0/timer_reset
    SLICE_X6Y84          FDCE                                         f  write_uart/DD0/T0/Q_reg_reg[13]/CLR
  -------------------------------------------------------------------    -------------------

                         (clock sys_clk_pin rise edge)
                                                      0.000     0.000 r  
    E3                                                0.000     0.000 r  clk (IN)
                         net (fo=0)                   0.000     0.000    clk
    E3                   IBUF (Prop_ibuf_I_O)         0.438     0.438 r  clk_IBUF_inst/O
                         net (fo=1, routed)           0.699     1.136    clk_IBUF
    BUFGCTRL_X0Y16       BUFG (Prop_bufg_I_O)         0.029     1.165 r  clk_IBUF_BUFG_inst/O
                         net (fo=244, routed)         0.868     2.033    write_uart/DD0/T0/clk_IBUF_BUFG
    SLICE_X6Y84          FDCE                                         r  write_uart/DD0/T0/Q_reg_reg[13]/C
                         clock pessimism             -0.500     1.532    
    SLICE_X6Y84          FDCE (Remov_fdce_C_CLR)     -0.067     1.465    write_uart/DD0/T0/Q_reg_reg[13]
  -------------------------------------------------------------------
                         required time                         -1.465    
                         arrival time                           2.136    
  -------------------------------------------------------------------
                         slack                                  0.670    

Slack (MET) :             0.670ns  (arrival time - required time)
  Source:                 write_uart/DD0/FSM0/FSM_sequential_state_reg_reg[0]/C
                            (rising edge-triggered cell FDCE clocked by sys_clk_pin  {rise@0.000ns fall@5.000ns period=10.000ns})
  Destination:            write_uart/DD0/T0/Q_reg_reg[14]/CLR
                            (removal check against rising-edge clock sys_clk_pin  {rise@0.000ns fall@5.000ns period=10.000ns})
  Path Group:             **async_default**
  Path Type:              Removal (Min at Fast Process Corner)
  Requirement:            0.000ns  (sys_clk_pin rise@0.000ns - sys_clk_pin rise@0.000ns)
  Data Path Delay:        0.618ns  (logic 0.186ns (30.081%)  route 0.432ns (69.919%))
  Logic Levels:           1  (LUT2=1)
  Clock Path Skew:        0.015ns (DCD - SCD - CPR)
    Destination Clock Delay (DCD):    2.033ns
    Source Clock Delay      (SCD):    1.517ns
    Clock Pessimism Removal (CPR):    0.500ns

    Location             Delay type                Incr(ns)  Path(ns)    Netlist Resource(s)
  -------------------------------------------------------------------    -------------------
                         (clock sys_clk_pin rise edge)
                                                      0.000     0.000 r  
    E3                                                0.000     0.000 r  clk (IN)
                         net (fo=0)                   0.000     0.000    clk
    E3                   IBUF (Prop_ibuf_I_O)         0.250     0.250 r  clk_IBUF_inst/O
                         net (fo=1, routed)           0.644     0.894    clk_IBUF
    BUFGCTRL_X0Y16       BUFG (Prop_bufg_I_O)         0.026     0.920 r  clk_IBUF_BUFG_inst/O
                         net (fo=244, routed)         0.598     1.517    write_uart/DD0/FSM0/clk_IBUF_BUFG
    SLICE_X7Y83          FDCE                                         r  write_uart/DD0/FSM0/FSM_sequential_state_reg_reg[0]/C
  -------------------------------------------------------------------    -------------------
    SLICE_X7Y83          FDCE (Prop_fdce_C_Q)         0.141     1.658 r  write_uart/DD0/FSM0/FSM_sequential_state_reg_reg[0]/Q
                         net (fo=3, routed)           0.236     1.895    write_uart/DD0/FSM0/state_reg[0]
    SLICE_X7Y83          LUT2 (Prop_lut2_I1_O)        0.045     1.940 f  write_uart/DD0/FSM0/Q_reg[0]_i_3__0/O
                         net (fo=21, routed)          0.196     2.136    write_uart/DD0/T0/timer_reset
    SLICE_X6Y84          FDCE                                         f  write_uart/DD0/T0/Q_reg_reg[14]/CLR
  -------------------------------------------------------------------    -------------------

                         (clock sys_clk_pin rise edge)
                                                      0.000     0.000 r  
    E3                                                0.000     0.000 r  clk (IN)
                         net (fo=0)                   0.000     0.000    clk
    E3                   IBUF (Prop_ibuf_I_O)         0.438     0.438 r  clk_IBUF_inst/O
                         net (fo=1, routed)           0.699     1.136    clk_IBUF
    BUFGCTRL_X0Y16       BUFG (Prop_bufg_I_O)         0.029     1.165 r  clk_IBUF_BUFG_inst/O
                         net (fo=244, routed)         0.868     2.033    write_uart/DD0/T0/clk_IBUF_BUFG
    SLICE_X6Y84          FDCE                                         r  write_uart/DD0/T0/Q_reg_reg[14]/C
                         clock pessimism             -0.500     1.532    
    SLICE_X6Y84          FDCE (Remov_fdce_C_CLR)     -0.067     1.465    write_uart/DD0/T0/Q_reg_reg[14]
  -------------------------------------------------------------------
                         required time                         -1.465    
                         arrival time                           2.136    
  -------------------------------------------------------------------
                         slack                                  0.670    

Slack (MET) :             0.670ns  (arrival time - required time)
  Source:                 write_uart/DD0/FSM0/FSM_sequential_state_reg_reg[0]/C
                            (rising edge-triggered cell FDCE clocked by sys_clk_pin  {rise@0.000ns fall@5.000ns period=10.000ns})
  Destination:            write_uart/DD0/T0/Q_reg_reg[15]/CLR
                            (removal check against rising-edge clock sys_clk_pin  {rise@0.000ns fall@5.000ns period=10.000ns})
  Path Group:             **async_default**
  Path Type:              Removal (Min at Fast Process Corner)
  Requirement:            0.000ns  (sys_clk_pin rise@0.000ns - sys_clk_pin rise@0.000ns)
  Data Path Delay:        0.618ns  (logic 0.186ns (30.081%)  route 0.432ns (69.919%))
  Logic Levels:           1  (LUT2=1)
  Clock Path Skew:        0.015ns (DCD - SCD - CPR)
    Destination Clock Delay (DCD):    2.033ns
    Source Clock Delay      (SCD):    1.517ns
    Clock Pessimism Removal (CPR):    0.500ns

    Location             Delay type                Incr(ns)  Path(ns)    Netlist Resource(s)
  -------------------------------------------------------------------    -------------------
                         (clock sys_clk_pin rise edge)
                                                      0.000     0.000 r  
    E3                                                0.000     0.000 r  clk (IN)
                         net (fo=0)                   0.000     0.000    clk
    E3                   IBUF (Prop_ibuf_I_O)         0.250     0.250 r  clk_IBUF_inst/O
                         net (fo=1, routed)           0.644     0.894    clk_IBUF
    BUFGCTRL_X0Y16       BUFG (Prop_bufg_I_O)         0.026     0.920 r  clk_IBUF_BUFG_inst/O
                         net (fo=244, routed)         0.598     1.517    write_uart/DD0/FSM0/clk_IBUF_BUFG
    SLICE_X7Y83          FDCE                                         r  write_uart/DD0/FSM0/FSM_sequential_state_reg_reg[0]/C
  -------------------------------------------------------------------    -------------------
    SLICE_X7Y83          FDCE (Prop_fdce_C_Q)         0.141     1.658 r  write_uart/DD0/FSM0/FSM_sequential_state_reg_reg[0]/Q
                         net (fo=3, routed)           0.236     1.895    write_uart/DD0/FSM0/state_reg[0]
    SLICE_X7Y83          LUT2 (Prop_lut2_I1_O)        0.045     1.940 f  write_uart/DD0/FSM0/Q_reg[0]_i_3__0/O
                         net (fo=21, routed)          0.196     2.136    write_uart/DD0/T0/timer_reset
    SLICE_X6Y84          FDCE                                         f  write_uart/DD0/T0/Q_reg_reg[15]/CLR
  -------------------------------------------------------------------    -------------------

                         (clock sys_clk_pin rise edge)
                                                      0.000     0.000 r  
    E3                                                0.000     0.000 r  clk (IN)
                         net (fo=0)                   0.000     0.000    clk
    E3                   IBUF (Prop_ibuf_I_O)         0.438     0.438 r  clk_IBUF_inst/O
                         net (fo=1, routed)           0.699     1.136    clk_IBUF
    BUFGCTRL_X0Y16       BUFG (Prop_bufg_I_O)         0.029     1.165 r  clk_IBUF_BUFG_inst/O
                         net (fo=244, routed)         0.868     2.033    write_uart/DD0/T0/clk_IBUF_BUFG
    SLICE_X6Y84          FDCE                                         r  write_uart/DD0/T0/Q_reg_reg[15]/C
                         clock pessimism             -0.500     1.532    
    SLICE_X6Y84          FDCE (Remov_fdce_C_CLR)     -0.067     1.465    write_uart/DD0/T0/Q_reg_reg[15]
  -------------------------------------------------------------------
                         required time                         -1.465    
                         arrival time                           2.136    
  -------------------------------------------------------------------
                         slack                                  0.670    

Slack (MET) :             0.683ns  (arrival time - required time)
  Source:                 read_uart/DD0/FSM0/FSM_sequential_state_reg_reg[0]/C
                            (rising edge-triggered cell FDCE clocked by sys_clk_pin  {rise@0.000ns fall@5.000ns period=10.000ns})
  Destination:            read_uart/DD0/T0/Q_reg_reg[10]/CLR
                            (removal check against rising-edge clock sys_clk_pin  {rise@0.000ns fall@5.000ns period=10.000ns})
  Path Group:             **async_default**
  Path Type:              Removal (Min at Fast Process Corner)
  Requirement:            0.000ns  (sys_clk_pin rise@0.000ns - sys_clk_pin rise@0.000ns)
  Data Path Delay:        0.632ns  (logic 0.186ns (29.446%)  route 0.446ns (70.554%))
  Logic Levels:           1  (LUT2=1)
  Clock Path Skew:        0.016ns (DCD - SCD - CPR)
    Destination Clock Delay (DCD):    2.042ns
    Source Clock Delay      (SCD):    1.523ns
    Clock Pessimism Removal (CPR):    0.502ns

    Location             Delay type                Incr(ns)  Path(ns)    Netlist Resource(s)
  -------------------------------------------------------------------    -------------------
                         (clock sys_clk_pin rise edge)
                                                      0.000     0.000 r  
    E3                                                0.000     0.000 r  clk (IN)
                         net (fo=0)                   0.000     0.000    clk
    E3                   IBUF (Prop_ibuf_I_O)         0.250     0.250 r  clk_IBUF_inst/O
                         net (fo=1, routed)           0.644     0.894    clk_IBUF
    BUFGCTRL_X0Y16       BUFG (Prop_bufg_I_O)         0.026     0.920 r  clk_IBUF_BUFG_inst/O
                         net (fo=244, routed)         0.604     1.523    read_uart/DD0/FSM0/clk_IBUF_BUFG
    SLICE_X3Y94          FDCE                                         r  read_uart/DD0/FSM0/FSM_sequential_state_reg_reg[0]/C
  -------------------------------------------------------------------    -------------------
    SLICE_X3Y94          FDCE (Prop_fdce_C_Q)         0.141     1.664 r  read_uart/DD0/FSM0/FSM_sequential_state_reg_reg[0]/Q
                         net (fo=3, routed)           0.256     1.921    read_uart/DD0/FSM0/state_reg[0]
    SLICE_X3Y94          LUT2 (Prop_lut2_I1_O)        0.045     1.966 f  read_uart/DD0/FSM0/Q_reg[0]_i_3/O
                         net (fo=21, routed)          0.189     2.155    read_uart/DD0/T0/timer_reset
    SLICE_X2Y95          FDCE                                         f  read_uart/DD0/T0/Q_reg_reg[10]/CLR
  -------------------------------------------------------------------    -------------------

                         (clock sys_clk_pin rise edge)
                                                      0.000     0.000 r  
    E3                                                0.000     0.000 r  clk (IN)
                         net (fo=0)                   0.000     0.000    clk
    E3                   IBUF (Prop_ibuf_I_O)         0.438     0.438 r  clk_IBUF_inst/O
                         net (fo=1, routed)           0.699     1.136    clk_IBUF
    BUFGCTRL_X0Y16       BUFG (Prop_bufg_I_O)         0.029     1.165 r  clk_IBUF_BUFG_inst/O
                         net (fo=244, routed)         0.877     2.042    read_uart/DD0/T0/clk_IBUF_BUFG
    SLICE_X2Y95          FDCE                                         r  read_uart/DD0/T0/Q_reg_reg[10]/C
                         clock pessimism             -0.502     1.539    
    SLICE_X2Y95          FDCE (Remov_fdce_C_CLR)     -0.067     1.472    read_uart/DD0/T0/Q_reg_reg[10]
  -------------------------------------------------------------------
                         required time                         -1.472    
                         arrival time                           2.155    
  -------------------------------------------------------------------
                         slack                                  0.683    

Slack (MET) :             0.683ns  (arrival time - required time)
  Source:                 read_uart/DD0/FSM0/FSM_sequential_state_reg_reg[0]/C
                            (rising edge-triggered cell FDCE clocked by sys_clk_pin  {rise@0.000ns fall@5.000ns period=10.000ns})
  Destination:            read_uart/DD0/T0/Q_reg_reg[11]/CLR
                            (removal check against rising-edge clock sys_clk_pin  {rise@0.000ns fall@5.000ns period=10.000ns})
  Path Group:             **async_default**
  Path Type:              Removal (Min at Fast Process Corner)
  Requirement:            0.000ns  (sys_clk_pin rise@0.000ns - sys_clk_pin rise@0.000ns)
  Data Path Delay:        0.632ns  (logic 0.186ns (29.446%)  route 0.446ns (70.554%))
  Logic Levels:           1  (LUT2=1)
  Clock Path Skew:        0.016ns (DCD - SCD - CPR)
    Destination Clock Delay (DCD):    2.042ns
    Source Clock Delay      (SCD):    1.523ns
    Clock Pessimism Removal (CPR):    0.502ns

    Location             Delay type                Incr(ns)  Path(ns)    Netlist Resource(s)
  -------------------------------------------------------------------    -------------------
                         (clock sys_clk_pin rise edge)
                                                      0.000     0.000 r  
    E3                                                0.000     0.000 r  clk (IN)
                         net (fo=0)                   0.000     0.000    clk
    E3                   IBUF (Prop_ibuf_I_O)         0.250     0.250 r  clk_IBUF_inst/O
                         net (fo=1, routed)           0.644     0.894    clk_IBUF
    BUFGCTRL_X0Y16       BUFG (Prop_bufg_I_O)         0.026     0.920 r  clk_IBUF_BUFG_inst/O
                         net (fo=244, routed)         0.604     1.523    read_uart/DD0/FSM0/clk_IBUF_BUFG
    SLICE_X3Y94          FDCE                                         r  read_uart/DD0/FSM0/FSM_sequential_state_reg_reg[0]/C
  -------------------------------------------------------------------    -------------------
    SLICE_X3Y94          FDCE (Prop_fdce_C_Q)         0.141     1.664 r  read_uart/DD0/FSM0/FSM_sequential_state_reg_reg[0]/Q
                         net (fo=3, routed)           0.256     1.921    read_uart/DD0/FSM0/state_reg[0]
    SLICE_X3Y94          LUT2 (Prop_lut2_I1_O)        0.045     1.966 f  read_uart/DD0/FSM0/Q_reg[0]_i_3/O
                         net (fo=21, routed)          0.189     2.155    read_uart/DD0/T0/timer_reset
    SLICE_X2Y95          FDCE                                         f  read_uart/DD0/T0/Q_reg_reg[11]/CLR
  -------------------------------------------------------------------    -------------------

                         (clock sys_clk_pin rise edge)
                                                      0.000     0.000 r  
    E3                                                0.000     0.000 r  clk (IN)
                         net (fo=0)                   0.000     0.000    clk
    E3                   IBUF (Prop_ibuf_I_O)         0.438     0.438 r  clk_IBUF_inst/O
                         net (fo=1, routed)           0.699     1.136    clk_IBUF
    BUFGCTRL_X0Y16       BUFG (Prop_bufg_I_O)         0.029     1.165 r  clk_IBUF_BUFG_inst/O
                         net (fo=244, routed)         0.877     2.042    read_uart/DD0/T0/clk_IBUF_BUFG
    SLICE_X2Y95          FDCE                                         r  read_uart/DD0/T0/Q_reg_reg[11]/C
                         clock pessimism             -0.502     1.539    
    SLICE_X2Y95          FDCE (Remov_fdce_C_CLR)     -0.067     1.472    read_uart/DD0/T0/Q_reg_reg[11]
  -------------------------------------------------------------------
                         required time                         -1.472    
                         arrival time                           2.155    
  -------------------------------------------------------------------
                         slack                                  0.683    





--------------------------------------------------------------------------------------
Path Group:  (none)
From Clock:  
  To Clock:  

Max Delay             7 Endpoints
Min Delay             7 Endpoints
--------------------------------------------------------------------------------------


Max Delay Paths
--------------------------------------------------------------------------------------
Slack:                    inf
  Source:                 w_data[6]
                            (input port)
  Destination:            sseg[5]
                            (output port)
  Path Group:             (none)
  Path Type:              Max at Slow Process Corner
  Data Path Delay:        12.532ns  (logic 5.653ns (45.107%)  route 6.879ns (54.893%))
  Logic Levels:           5  (IBUF=1 LUT4=1 LUT5=1 LUT6=1 OBUF=1)

    Location             Delay type                Incr(ns)  Path(ns)    Netlist Resource(s)
  -------------------------------------------------------------------    -------------------
    U18                                               0.000     0.000 r  w_data[6] (IN)
                         net (fo=0)                   0.000     0.000    w_data[6]
    U18                  IBUF (Prop_ibuf_I_O)         1.494     1.494 r  w_data_IBUF[6]_inst/O
                         net (fo=2, routed)           2.334     3.828    nolabel_line82/UP_COUNTER0/din[6]
    SLICE_X3Y89          LUT4 (Prop_lut4_I2_O)        0.124     3.952 r  nolabel_line82/UP_COUNTER0/sseg_OBUF[6]_inst_i_8/O
                         net (fo=1, routed)           0.580     4.531    nolabel_line82/UP_COUNTER0/sseg_OBUF[6]_inst_i_8_n_0
    SLICE_X4Y89          LUT6 (Prop_lut6_I5_O)        0.124     4.655 r  nolabel_line82/UP_COUNTER0/sseg_OBUF[6]_inst_i_4/O
                         net (fo=7, routed)           1.241     5.897    nolabel_line82/UP_COUNTER0/sseg_OBUF[6]_inst_i_4_n_0
    SLICE_X2Y89          LUT5 (Prop_lut5_I2_O)        0.146     6.043 r  nolabel_line82/UP_COUNTER0/sseg_OBUF[5]_inst_i_1/O
                         net (fo=1, routed)           2.725     8.767    sseg_OBUF[5]
    T11                  OBUF (Prop_obuf_I_O)         3.765    12.532 r  sseg_OBUF[5]_inst/O
                         net (fo=0)                   0.000    12.532    sseg[5]
    T11                                                               r  sseg[5] (OUT)
  -------------------------------------------------------------------    -------------------

Slack:                    inf
  Source:                 w_data[4]
                            (input port)
  Destination:            sseg[0]
                            (output port)
  Path Group:             (none)
  Path Type:              Max at Slow Process Corner
  Data Path Delay:        12.224ns  (logic 5.442ns (44.515%)  route 6.782ns (55.485%))
  Logic Levels:           5  (IBUF=1 LUT4=1 LUT6=2 OBUF=1)

    Location             Delay type                Incr(ns)  Path(ns)    Netlist Resource(s)
  -------------------------------------------------------------------    -------------------
    R17                                               0.000     0.000 f  w_data[4] (IN)
                         net (fo=0)                   0.000     0.000    w_data[4]
    R17                  IBUF (Prop_ibuf_I_O)         1.493     1.493 f  w_data_IBUF[4]_inst/O
                         net (fo=2, routed)           2.205     3.697    nolabel_line82/UP_COUNTER0/din[4]
    SLICE_X4Y89          LUT4 (Prop_lut4_I3_O)        0.124     3.821 r  nolabel_line82/UP_COUNTER0/sseg_OBUF[6]_inst_i_6/O
                         net (fo=2, routed)           0.679     4.501    nolabel_line82/UP_COUNTER0/sseg_OBUF[6]_inst_i_6_n_0
    SLICE_X4Y89          LUT6 (Prop_lut6_I5_O)        0.124     4.625 r  nolabel_line82/UP_COUNTER0/sseg_OBUF[6]_inst_i_2/O
                         net (fo=4, routed)           0.987     5.611    nolabel_line82/UP_COUNTER0/sseg_OBUF[6]_inst_i_2_n_0
    SLICE_X2Y88          LUT6 (Prop_lut6_I2_O)        0.124     5.735 r  nolabel_line82/UP_COUNTER0/sseg_OBUF[0]_inst_i_1/O
                         net (fo=1, routed)           2.912     8.647    sseg_OBUF[0]
    T10                  OBUF (Prop_obuf_I_O)         3.577    12.224 r  sseg_OBUF[0]_inst/O
                         net (fo=0)                   0.000    12.224    sseg[0]
    T10                                                               r  sseg[0] (OUT)
  -------------------------------------------------------------------    -------------------

Slack:                    inf
  Source:                 w_data[6]
                            (input port)
  Destination:            sseg[3]
                            (output port)
  Path Group:             (none)
  Path Type:              Max at Slow Process Corner
  Data Path Delay:        12.221ns  (logic 5.644ns (46.186%)  route 6.577ns (53.814%))
  Logic Levels:           5  (IBUF=1 LUT4=1 LUT5=1 LUT6=1 OBUF=1)

    Location             Delay type                Incr(ns)  Path(ns)    Netlist Resource(s)
  -------------------------------------------------------------------    -------------------
    U18                                               0.000     0.000 r  w_data[6] (IN)
                         net (fo=0)                   0.000     0.000    w_data[6]
    U18                  IBUF (Prop_ibuf_I_O)         1.494     1.494 r  w_data_IBUF[6]_inst/O
                         net (fo=2, routed)           2.334     3.828    nolabel_line82/UP_COUNTER0/din[6]
    SLICE_X3Y89          LUT4 (Prop_lut4_I2_O)        0.124     3.952 r  nolabel_line82/UP_COUNTER0/sseg_OBUF[6]_inst_i_8/O
                         net (fo=1, routed)           0.580     4.531    nolabel_line82/UP_COUNTER0/sseg_OBUF[6]_inst_i_8_n_0
    SLICE_X4Y89          LUT6 (Prop_lut6_I5_O)        0.124     4.655 r  nolabel_line82/UP_COUNTER0/sseg_OBUF[6]_inst_i_4/O
                         net (fo=7, routed)           1.121     5.777    nolabel_line82/UP_COUNTER0/sseg_OBUF[6]_inst_i_4_n_0
    SLICE_X2Y88          LUT5 (Prop_lut5_I2_O)        0.148     5.925 r  nolabel_line82/UP_COUNTER0/sseg_OBUF[3]_inst_i_1/O
                         net (fo=1, routed)           2.542     8.467    sseg_OBUF[3]
    K13                  OBUF (Prop_obuf_I_O)         3.754    12.221 r  sseg_OBUF[3]_inst/O
                         net (fo=0)                   0.000    12.221    sseg[3]
    K13                                                               r  sseg[3] (OUT)
  -------------------------------------------------------------------    -------------------

Slack:                    inf
  Source:                 w_data[6]
                            (input port)
  Destination:            sseg[1]
                            (output port)
  Path Group:             (none)
  Path Type:              Max at Slow Process Corner
  Data Path Delay:        11.878ns  (logic 5.422ns (45.644%)  route 6.456ns (54.356%))
  Logic Levels:           5  (IBUF=1 LUT4=1 LUT6=2 OBUF=1)

    Location             Delay type                Incr(ns)  Path(ns)    Netlist Resource(s)
  -------------------------------------------------------------------    -------------------
    U18                                               0.000     0.000 r  w_data[6] (IN)
                         net (fo=0)                   0.000     0.000    w_data[6]
    U18                  IBUF (Prop_ibuf_I_O)         1.494     1.494 r  w_data_IBUF[6]_inst/O
                         net (fo=2, routed)           2.334     3.828    nolabel_line82/UP_COUNTER0/din[6]
    SLICE_X3Y89          LUT4 (Prop_lut4_I2_O)        0.124     3.952 r  nolabel_line82/UP_COUNTER0/sseg_OBUF[6]_inst_i_8/O
                         net (fo=1, routed)           0.580     4.531    nolabel_line82/UP_COUNTER0/sseg_OBUF[6]_inst_i_8_n_0
    SLICE_X4Y89          LUT6 (Prop_lut6_I5_O)        0.124     4.655 r  nolabel_line82/UP_COUNTER0/sseg_OBUF[6]_inst_i_4/O
                         net (fo=7, routed)           0.572     5.227    nolabel_line82/UP_COUNTER0/sseg_OBUF[6]_inst_i_4_n_0
    SLICE_X2Y88          LUT6 (Prop_lut6_I3_O)        0.124     5.351 r  nolabel_line82/UP_COUNTER0/sseg_OBUF[1]_inst_i_1/O
                         net (fo=1, routed)           2.971     8.323    sseg_OBUF[1]
    R10                  OBUF (Prop_obuf_I_O)         3.555    11.878 r  sseg_OBUF[1]_inst/O
                         net (fo=0)                   0.000    11.878    sseg[1]
    R10                                                               r  sseg[1] (OUT)
  -------------------------------------------------------------------    -------------------

Slack:                    inf
  Source:                 w_data[6]
                            (input port)
  Destination:            sseg[4]
                            (output port)
  Path Group:             (none)
  Path Type:              Max at Slow Process Corner
  Data Path Delay:        11.573ns  (logic 5.400ns (46.656%)  route 6.174ns (53.344%))
  Logic Levels:           5  (IBUF=1 LUT4=1 LUT5=1 LUT6=1 OBUF=1)

    Location             Delay type                Incr(ns)  Path(ns)    Netlist Resource(s)
  -------------------------------------------------------------------    -------------------
    U18                                               0.000     0.000 r  w_data[6] (IN)
                         net (fo=0)                   0.000     0.000    w_data[6]
    U18                  IBUF (Prop_ibuf_I_O)         1.494     1.494 r  w_data_IBUF[6]_inst/O
                         net (fo=2, routed)           2.334     3.828    nolabel_line82/UP_COUNTER0/din[6]
    SLICE_X3Y89          LUT4 (Prop_lut4_I2_O)        0.124     3.952 r  nolabel_line82/UP_COUNTER0/sseg_OBUF[6]_inst_i_8/O
                         net (fo=1, routed)           0.580     4.531    nolabel_line82/UP_COUNTER0/sseg_OBUF[6]_inst_i_8_n_0
    SLICE_X4Y89          LUT6 (Prop_lut6_I5_O)        0.124     4.655 r  nolabel_line82/UP_COUNTER0/sseg_OBUF[6]_inst_i_4/O
                         net (fo=7, routed)           1.121     5.777    nolabel_line82/UP_COUNTER0/sseg_OBUF[6]_inst_i_4_n_0
    SLICE_X2Y88          LUT5 (Prop_lut5_I3_O)        0.124     5.901 r  nolabel_line82/UP_COUNTER0/sseg_OBUF[4]_inst_i_1/O
                         net (fo=1, routed)           2.139     8.040    sseg_OBUF[4]
    P15                  OBUF (Prop_obuf_I_O)         3.534    11.573 r  sseg_OBUF[4]_inst/O
                         net (fo=0)                   0.000    11.573    sseg[4]
    P15                                                               r  sseg[4] (OUT)
  -------------------------------------------------------------------    -------------------

Slack:                    inf
  Source:                 w_data[6]
                            (input port)
  Destination:            sseg[6]
                            (output port)
  Path Group:             (none)
  Path Type:              Max at Slow Process Corner
  Data Path Delay:        11.402ns  (logic 5.403ns (47.392%)  route 5.998ns (52.608%))
  Logic Levels:           5  (IBUF=1 LUT4=2 LUT6=1 OBUF=1)

    Location             Delay type                Incr(ns)  Path(ns)    Netlist Resource(s)
  -------------------------------------------------------------------    -------------------
    U18                                               0.000     0.000 r  w_data[6] (IN)
                         net (fo=0)                   0.000     0.000    w_data[6]
    U18                  IBUF (Prop_ibuf_I_O)         1.494     1.494 r  w_data_IBUF[6]_inst/O
                         net (fo=2, routed)           2.334     3.828    nolabel_line82/UP_COUNTER0/din[6]
    SLICE_X3Y89          LUT4 (Prop_lut4_I2_O)        0.124     3.952 r  nolabel_line82/UP_COUNTER0/sseg_OBUF[6]_inst_i_8/O
                         net (fo=1, routed)           0.580     4.531    nolabel_line82/UP_COUNTER0/sseg_OBUF[6]_inst_i_8_n_0
    SLICE_X4Y89          LUT6 (Prop_lut6_I5_O)        0.124     4.655 r  nolabel_line82/UP_COUNTER0/sseg_OBUF[6]_inst_i_4/O
                         net (fo=7, routed)           1.241     5.897    nolabel_line82/UP_COUNTER0/sseg_OBUF[6]_inst_i_4_n_0
    SLICE_X2Y89          LUT4 (Prop_lut4_I2_O)        0.124     6.021 r  nolabel_line82/UP_COUNTER0/sseg_OBUF[6]_inst_i_1/O
                         net (fo=1, routed)           1.843     7.864    sseg_OBUF[6]
    L18                  OBUF (Prop_obuf_I_O)         3.537    11.402 r  sseg_OBUF[6]_inst/O
                         net (fo=0)                   0.000    11.402    sseg[6]
    L18                                                               r  sseg[6] (OUT)
  -------------------------------------------------------------------    -------------------

Slack:                    inf
  Source:                 w_data[6]
                            (input port)
  Destination:            sseg[2]
                            (output port)
  Path Group:             (none)
  Path Type:              Max at Slow Process Corner
  Data Path Delay:        11.027ns  (logic 5.359ns (48.599%)  route 5.668ns (51.401%))
  Logic Levels:           5  (IBUF=1 LUT4=2 LUT6=1 OBUF=1)

    Location             Delay type                Incr(ns)  Path(ns)    Netlist Resource(s)
  -------------------------------------------------------------------    -------------------
    U18                                               0.000     0.000 r  w_data[6] (IN)
                         net (fo=0)                   0.000     0.000    w_data[6]
    U18                  IBUF (Prop_ibuf_I_O)         1.494     1.494 r  w_data_IBUF[6]_inst/O
                         net (fo=2, routed)           2.334     3.828    nolabel_line82/UP_COUNTER0/din[6]
    SLICE_X3Y89          LUT4 (Prop_lut4_I2_O)        0.124     3.952 r  nolabel_line82/UP_COUNTER0/sseg_OBUF[6]_inst_i_8/O
                         net (fo=1, routed)           0.580     4.531    nolabel_line82/UP_COUNTER0/sseg_OBUF[6]_inst_i_8_n_0
    SLICE_X4Y89          LUT6 (Prop_lut6_I5_O)        0.124     4.655 r  nolabel_line82/UP_COUNTER0/sseg_OBUF[6]_inst_i_4/O
                         net (fo=7, routed)           0.840     5.495    nolabel_line82/UP_COUNTER0/sseg_OBUF[6]_inst_i_4_n_0
    SLICE_X2Y89          LUT4 (Prop_lut4_I1_O)        0.124     5.619 r  nolabel_line82/UP_COUNTER0/sseg_OBUF[2]_inst_i_1/O
                         net (fo=1, routed)           1.915     7.534    sseg_OBUF[2]
    K16                  OBUF (Prop_obuf_I_O)         3.493    11.027 r  sseg_OBUF[2]_inst/O
                         net (fo=0)                   0.000    11.027    sseg[2]
    K16                                                               r  sseg[2] (OUT)
  -------------------------------------------------------------------    -------------------





Min Delay Paths
--------------------------------------------------------------------------------------
Slack:                    inf
  Source:                 w_data[7]
                            (input port)
  Destination:            sseg[2]
                            (output port)
  Path Group:             (none)
  Path Type:              Min at Fast Process Corner
  Data Path Delay:        2.676ns  (logic 1.560ns (58.290%)  route 1.116ns (41.710%))
  Logic Levels:           4  (IBUF=1 LUT4=1 LUT6=1 OBUF=1)

    Location             Delay type                Incr(ns)  Path(ns)    Netlist Resource(s)
  -------------------------------------------------------------------    -------------------
    R13                                               0.000     0.000 r  w_data[7] (IN)
                         net (fo=0)                   0.000     0.000    w_data[7]
    R13                  IBUF (Prop_ibuf_I_O)         0.275     0.275 r  w_data_IBUF[7]_inst/O
                         net (fo=2, routed)           0.503     0.779    nolabel_line82/UP_COUNTER0/din[7]
    SLICE_X3Y89          LUT6 (Prop_lut6_I3_O)        0.045     0.824 r  nolabel_line82/UP_COUNTER0/sseg_OBUF[6]_inst_i_5/O
                         net (fo=7, routed)           0.184     1.008    nolabel_line82/UP_COUNTER0/sseg_OBUF[6]_inst_i_5_n_0
    SLICE_X2Y89          LUT4 (Prop_lut4_I0_O)        0.045     1.053 r  nolabel_line82/UP_COUNTER0/sseg_OBUF[2]_inst_i_1/O
                         net (fo=1, routed)           0.429     1.482    sseg_OBUF[2]
    K16                  OBUF (Prop_obuf_I_O)         1.194     2.676 r  sseg_OBUF[2]_inst/O
                         net (fo=0)                   0.000     2.676    sseg[2]
    K16                                                               r  sseg[2] (OUT)
  -------------------------------------------------------------------    -------------------

Slack:                    inf
  Source:                 w_data[7]
                            (input port)
  Destination:            sseg[6]
                            (output port)
  Path Group:             (none)
  Path Type:              Min at Fast Process Corner
  Data Path Delay:        2.686ns  (logic 1.604ns (59.696%)  route 1.083ns (40.304%))
  Logic Levels:           4  (IBUF=1 LUT4=1 LUT6=1 OBUF=1)

    Location             Delay type                Incr(ns)  Path(ns)    Netlist Resource(s)
  -------------------------------------------------------------------    -------------------
    R13                                               0.000     0.000 r  w_data[7] (IN)
                         net (fo=0)                   0.000     0.000    w_data[7]
    R13                  IBUF (Prop_ibuf_I_O)         0.275     0.275 r  w_data_IBUF[7]_inst/O
                         net (fo=2, routed)           0.503     0.779    nolabel_line82/UP_COUNTER0/din[7]
    SLICE_X3Y89          LUT6 (Prop_lut6_I3_O)        0.045     0.824 r  nolabel_line82/UP_COUNTER0/sseg_OBUF[6]_inst_i_5/O
                         net (fo=7, routed)           0.184     1.008    nolabel_line82/UP_COUNTER0/sseg_OBUF[6]_inst_i_5_n_0
    SLICE_X2Y89          LUT4 (Prop_lut4_I3_O)        0.045     1.053 r  nolabel_line82/UP_COUNTER0/sseg_OBUF[6]_inst_i_1/O
                         net (fo=1, routed)           0.395     1.448    sseg_OBUF[6]
    L18                  OBUF (Prop_obuf_I_O)         1.238     2.686 r  sseg_OBUF[6]_inst/O
                         net (fo=0)                   0.000     2.686    sseg[6]
    L18                                                               r  sseg[6] (OUT)
  -------------------------------------------------------------------    -------------------

Slack:                    inf
  Source:                 w_data[7]
                            (input port)
  Destination:            sseg[4]
                            (output port)
  Path Group:             (none)
  Path Type:              Min at Fast Process Corner
  Data Path Delay:        2.834ns  (logic 1.600ns (56.444%)  route 1.235ns (43.556%))
  Logic Levels:           4  (IBUF=1 LUT5=1 LUT6=1 OBUF=1)

    Location             Delay type                Incr(ns)  Path(ns)    Netlist Resource(s)
  -------------------------------------------------------------------    -------------------
    R13                                               0.000     0.000 f  w_data[7] (IN)
                         net (fo=0)                   0.000     0.000    w_data[7]
    R13                  IBUF (Prop_ibuf_I_O)         0.275     0.275 f  w_data_IBUF[7]_inst/O
                         net (fo=2, routed)           0.503     0.779    nolabel_line82/UP_COUNTER0/din[7]
    SLICE_X3Y89          LUT6 (Prop_lut6_I3_O)        0.045     0.824 f  nolabel_line82/UP_COUNTER0/sseg_OBUF[6]_inst_i_5/O
                         net (fo=7, routed)           0.179     1.003    nolabel_line82/UP_COUNTER0/sseg_OBUF[6]_inst_i_5_n_0
    SLICE_X2Y88          LUT5 (Prop_lut5_I4_O)        0.045     1.048 r  nolabel_line82/UP_COUNTER0/sseg_OBUF[4]_inst_i_1/O
                         net (fo=1, routed)           0.552     1.600    sseg_OBUF[4]
    P15                  OBUF (Prop_obuf_I_O)         1.234     2.834 r  sseg_OBUF[4]_inst/O
                         net (fo=0)                   0.000     2.834    sseg[4]
    P15                                                               r  sseg[4] (OUT)
  -------------------------------------------------------------------    -------------------

Slack:                    inf
  Source:                 w_data[7]
                            (input port)
  Destination:            sseg[3]
                            (output port)
  Path Group:             (none)
  Path Type:              Min at Fast Process Corner
  Data Path Delay:        3.085ns  (logic 1.685ns (54.636%)  route 1.399ns (45.364%))
  Logic Levels:           4  (IBUF=1 LUT5=1 LUT6=1 OBUF=1)

    Location             Delay type                Incr(ns)  Path(ns)    Netlist Resource(s)
  -------------------------------------------------------------------    -------------------
    R13                                               0.000     0.000 r  w_data[7] (IN)
                         net (fo=0)                   0.000     0.000    w_data[7]
    R13                  IBUF (Prop_ibuf_I_O)         0.275     0.275 r  w_data_IBUF[7]_inst/O
                         net (fo=2, routed)           0.503     0.779    nolabel_line82/UP_COUNTER0/din[7]
    SLICE_X3Y89          LUT6 (Prop_lut6_I3_O)        0.045     0.824 r  nolabel_line82/UP_COUNTER0/sseg_OBUF[6]_inst_i_5/O
                         net (fo=7, routed)           0.179     1.003    nolabel_line82/UP_COUNTER0/sseg_OBUF[6]_inst_i_5_n_0
    SLICE_X2Y88          LUT5 (Prop_lut5_I0_O)        0.048     1.051 r  nolabel_line82/UP_COUNTER0/sseg_OBUF[3]_inst_i_1/O
                         net (fo=1, routed)           0.717     1.768    sseg_OBUF[3]
    K13                  OBUF (Prop_obuf_I_O)         1.317     3.085 r  sseg_OBUF[3]_inst/O
                         net (fo=0)                   0.000     3.085    sseg[3]
    K13                                                               r  sseg[3] (OUT)
  -------------------------------------------------------------------    -------------------

Slack:                    inf
  Source:                 w_data[7]
                            (input port)
  Destination:            sseg[5]
                            (output port)
  Path Group:             (none)
  Path Type:              Min at Fast Process Corner
  Data Path Delay:        3.184ns  (logic 1.691ns (53.109%)  route 1.493ns (46.891%))
  Logic Levels:           4  (IBUF=1 LUT5=1 LUT6=1 OBUF=1)

    Location             Delay type                Incr(ns)  Path(ns)    Netlist Resource(s)
  -------------------------------------------------------------------    -------------------
    R13                                               0.000     0.000 r  w_data[7] (IN)
                         net (fo=0)                   0.000     0.000    w_data[7]
    R13                  IBUF (Prop_ibuf_I_O)         0.275     0.275 r  w_data_IBUF[7]_inst/O
                         net (fo=2, routed)           0.503     0.779    nolabel_line82/UP_COUNTER0/din[7]
    SLICE_X3Y89          LUT6 (Prop_lut6_I3_O)        0.045     0.824 r  nolabel_line82/UP_COUNTER0/sseg_OBUF[6]_inst_i_5/O
                         net (fo=7, routed)           0.184     1.008    nolabel_line82/UP_COUNTER0/sseg_OBUF[6]_inst_i_5_n_0
    SLICE_X2Y89          LUT5 (Prop_lut5_I4_O)        0.043     1.051 r  nolabel_line82/UP_COUNTER0/sseg_OBUF[5]_inst_i_1/O
                         net (fo=1, routed)           0.806     1.856    sseg_OBUF[5]
    T11                  OBUF (Prop_obuf_I_O)         1.327     3.184 r  sseg_OBUF[5]_inst/O
                         net (fo=0)                   0.000     3.184    sseg[5]
    T11                                                               r  sseg[5] (OUT)
  -------------------------------------------------------------------    -------------------

Slack:                    inf
  Source:                 w_data[7]
                            (input port)
  Destination:            sseg[0]
                            (output port)
  Path Group:             (none)
  Path Type:              Min at Fast Process Corner
  Data Path Delay:        3.266ns  (logic 1.643ns (50.304%)  route 1.623ns (49.696%))
  Logic Levels:           4  (IBUF=1 LUT6=2 OBUF=1)

    Location             Delay type                Incr(ns)  Path(ns)    Netlist Resource(s)
  -------------------------------------------------------------------    -------------------
    R13                                               0.000     0.000 r  w_data[7] (IN)
                         net (fo=0)                   0.000     0.000    w_data[7]
    R13                  IBUF (Prop_ibuf_I_O)         0.275     0.275 r  w_data_IBUF[7]_inst/O
                         net (fo=2, routed)           0.503     0.779    nolabel_line82/UP_COUNTER0/din[7]
    SLICE_X3Y89          LUT6 (Prop_lut6_I3_O)        0.045     0.824 r  nolabel_line82/UP_COUNTER0/sseg_OBUF[6]_inst_i_5/O
                         net (fo=7, routed)           0.255     1.079    nolabel_line82/UP_COUNTER0/sseg_OBUF[6]_inst_i_5_n_0
    SLICE_X2Y88          LUT6 (Prop_lut6_I1_O)        0.045     1.124 r  nolabel_line82/UP_COUNTER0/sseg_OBUF[0]_inst_i_1/O
                         net (fo=1, routed)           0.865     1.989    sseg_OBUF[0]
    T10                  OBUF (Prop_obuf_I_O)         1.277     3.266 r  sseg_OBUF[0]_inst/O
                         net (fo=0)                   0.000     3.266    sseg[0]
    T10                                                               r  sseg[0] (OUT)
  -------------------------------------------------------------------    -------------------

Slack:                    inf
  Source:                 w_data[7]
                            (input port)
  Destination:            sseg[1]
                            (output port)
  Path Group:             (none)
  Path Type:              Min at Fast Process Corner
  Data Path Delay:        3.348ns  (logic 1.622ns (48.429%)  route 1.727ns (51.571%))
  Logic Levels:           4  (IBUF=1 LUT6=2 OBUF=1)

    Location             Delay type                Incr(ns)  Path(ns)    Netlist Resource(s)
  -------------------------------------------------------------------    -------------------
    R13                                               0.000     0.000 r  w_data[7] (IN)
                         net (fo=0)                   0.000     0.000    w_data[7]
    R13                  IBUF (Prop_ibuf_I_O)         0.275     0.275 r  w_data_IBUF[7]_inst/O
                         net (fo=2, routed)           0.503     0.779    nolabel_line82/UP_COUNTER0/din[7]
    SLICE_X3Y89          LUT6 (Prop_lut6_I3_O)        0.045     0.824 r  nolabel_line82/UP_COUNTER0/sseg_OBUF[6]_inst_i_5/O
                         net (fo=7, routed)           0.317     1.141    nolabel_line82/UP_COUNTER0/sseg_OBUF[6]_inst_i_5_n_0
    SLICE_X2Y88          LUT6 (Prop_lut6_I2_O)        0.045     1.186 r  nolabel_line82/UP_COUNTER0/sseg_OBUF[1]_inst_i_1/O
                         net (fo=1, routed)           0.906     2.092    sseg_OBUF[1]
    R10                  OBUF (Prop_obuf_I_O)         1.256     3.348 r  sseg_OBUF[1]_inst/O
                         net (fo=0)                   0.000     3.348    sseg[1]
    R10                                                               r  sseg[1] (OUT)
  -------------------------------------------------------------------    -------------------





--------------------------------------------------------------------------------------
Path Group:  (none)
From Clock:  sys_clk_pin
  To Clock:  

Max Delay            14 Endpoints
Min Delay            14 Endpoints
--------------------------------------------------------------------------------------


Max Delay Paths
--------------------------------------------------------------------------------------
Slack:                    inf
  Source:                 nolabel_line82/UP_COUNTER0/Q_reg_reg[0]/C
                            (rising edge-triggered cell FDCE clocked by sys_clk_pin  {rise@0.000ns fall@5.000ns period=10.000ns})
  Destination:            sseg[0]
                            (output port)
  Path Group:             (none)
  Path Type:              Max at Slow Process Corner
  Data Path Delay:        10.322ns  (logic 4.405ns (42.675%)  route 5.917ns (57.325%))
  Logic Levels:           4  (LUT4=1 LUT6=2 OBUF=1)
  Clock Uncertainty:      0.025ns  ((TSJ^2 + TIJ^2)^1/2 + DJ) / 2 + PE
    Total System Jitter     (TSJ):    0.050ns
    Total Input Jitter      (TIJ):    0.000ns
    Discrete Jitter          (DJ):    0.000ns
    Phase Error              (PE):    0.000ns

    Location             Delay type                Incr(ns)  Path(ns)    Netlist Resource(s)
  -------------------------------------------------------------------    -------------------
                         (clock sys_clk_pin rise edge)
                                                      0.000     0.000 r  
    E3                                                0.000     0.000 r  clk (IN)
                         net (fo=0)                   0.000     0.000    clk
    E3                   IBUF (Prop_ibuf_I_O)         1.482     1.482 r  clk_IBUF_inst/O
                         net (fo=1, routed)           2.025     3.506    clk_IBUF
    BUFGCTRL_X0Y16       BUFG (Prop_bufg_I_O)         0.096     3.602 r  clk_IBUF_BUFG_inst/O
                         net (fo=244, routed)         1.722     5.325    nolabel_line82/UP_COUNTER0/clk_IBUF_BUFG
    SLICE_X4Y89          FDCE                                         r  nolabel_line82/UP_COUNTER0/Q_reg_reg[0]/C
  -------------------------------------------------------------------    -------------------
    SLICE_X4Y89          FDCE (Prop_fdce_C_Q)         0.456     5.781 r  nolabel_line82/UP_COUNTER0/Q_reg_reg[0]/Q
                         net (fo=17, routed)          1.339     7.120    nolabel_line82/UP_COUNTER0/Q_reg[0]
    SLICE_X4Y89          LUT4 (Prop_lut4_I2_O)        0.124     7.244 r  nolabel_line82/UP_COUNTER0/sseg_OBUF[6]_inst_i_6/O
                         net (fo=2, routed)           0.679     7.923    nolabel_line82/UP_COUNTER0/sseg_OBUF[6]_inst_i_6_n_0
    SLICE_X4Y89          LUT6 (Prop_lut6_I5_O)        0.124     8.047 r  nolabel_line82/UP_COUNTER0/sseg_OBUF[6]_inst_i_2/O
                         net (fo=4, routed)           0.987     9.034    nolabel_line82/UP_COUNTER0/sseg_OBUF[6]_inst_i_2_n_0
    SLICE_X2Y88          LUT6 (Prop_lut6_I2_O)        0.124     9.158 r  nolabel_line82/UP_COUNTER0/sseg_OBUF[0]_inst_i_1/O
                         net (fo=1, routed)           2.912    12.070    sseg_OBUF[0]
    T10                  OBUF (Prop_obuf_I_O)         3.577    15.647 r  sseg_OBUF[0]_inst/O
                         net (fo=0)                   0.000    15.647    sseg[0]
    T10                                                               r  sseg[0] (OUT)
  -------------------------------------------------------------------    -------------------

Slack:                    inf
  Source:                 nolabel_line82/UP_COUNTER0/Q_reg_reg[0]/C
                            (rising edge-triggered cell FDCE clocked by sys_clk_pin  {rise@0.000ns fall@5.000ns period=10.000ns})
  Destination:            sseg[5]
                            (output port)
  Path Group:             (none)
  Path Type:              Max at Slow Process Corner
  Data Path Delay:        10.003ns  (logic 4.615ns (46.134%)  route 5.388ns (53.866%))
  Logic Levels:           4  (LUT4=1 LUT5=1 LUT6=1 OBUF=1)
  Clock Uncertainty:      0.025ns  ((TSJ^2 + TIJ^2)^1/2 + DJ) / 2 + PE
    Total System Jitter     (TSJ):    0.050ns
    Total Input Jitter      (TIJ):    0.000ns
    Discrete Jitter          (DJ):    0.000ns
    Phase Error              (PE):    0.000ns

    Location             Delay type                Incr(ns)  Path(ns)    Netlist Resource(s)
  -------------------------------------------------------------------    -------------------
                         (clock sys_clk_pin rise edge)
                                                      0.000     0.000 r  
    E3                                                0.000     0.000 r  clk (IN)
                         net (fo=0)                   0.000     0.000    clk
    E3                   IBUF (Prop_ibuf_I_O)         1.482     1.482 r  clk_IBUF_inst/O
                         net (fo=1, routed)           2.025     3.506    clk_IBUF
    BUFGCTRL_X0Y16       BUFG (Prop_bufg_I_O)         0.096     3.602 r  clk_IBUF_BUFG_inst/O
                         net (fo=244, routed)         1.722     5.325    nolabel_line82/UP_COUNTER0/clk_IBUF_BUFG
    SLICE_X4Y89          FDCE                                         r  nolabel_line82/UP_COUNTER0/Q_reg_reg[0]/C
  -------------------------------------------------------------------    -------------------
    SLICE_X4Y89          FDCE (Prop_fdce_C_Q)         0.456     5.781 r  nolabel_line82/UP_COUNTER0/Q_reg_reg[0]/Q
                         net (fo=17, routed)          0.842     6.623    nolabel_line82/UP_COUNTER0/Q_reg[0]
    SLICE_X3Y89          LUT4 (Prop_lut4_I1_O)        0.124     6.747 r  nolabel_line82/UP_COUNTER0/sseg_OBUF[6]_inst_i_8/O
                         net (fo=1, routed)           0.580     7.327    nolabel_line82/UP_COUNTER0/sseg_OBUF[6]_inst_i_8_n_0
    SLICE_X4Y89          LUT6 (Prop_lut6_I5_O)        0.124     7.451 r  nolabel_line82/UP_COUNTER0/sseg_OBUF[6]_inst_i_4/O
                         net (fo=7, routed)           1.241     8.692    nolabel_line82/UP_COUNTER0/sseg_OBUF[6]_inst_i_4_n_0
    SLICE_X2Y89          LUT5 (Prop_lut5_I2_O)        0.146     8.838 r  nolabel_line82/UP_COUNTER0/sseg_OBUF[5]_inst_i_1/O
                         net (fo=1, routed)           2.725    11.563    sseg_OBUF[5]
    T11                  OBUF (Prop_obuf_I_O)         3.765    15.327 r  sseg_OBUF[5]_inst/O
                         net (fo=0)                   0.000    15.327    sseg[5]
    T11                                                               r  sseg[5] (OUT)
  -------------------------------------------------------------------    -------------------

Slack:                    inf
  Source:                 nolabel_line82/UP_COUNTER0/Q_reg_reg[0]/C
                            (rising edge-triggered cell FDCE clocked by sys_clk_pin  {rise@0.000ns fall@5.000ns period=10.000ns})
  Destination:            sseg[1]
                            (output port)
  Path Group:             (none)
  Path Type:              Max at Slow Process Corner
  Data Path Delay:        9.972ns  (logic 4.383ns (43.956%)  route 5.589ns (56.044%))
  Logic Levels:           4  (LUT4=1 LUT6=2 OBUF=1)
  Clock Uncertainty:      0.025ns  ((TSJ^2 + TIJ^2)^1/2 + DJ) / 2 + PE
    Total System Jitter     (TSJ):    0.050ns
    Total Input Jitter      (TIJ):    0.000ns
    Discrete Jitter          (DJ):    0.000ns
    Phase Error              (PE):    0.000ns

    Location             Delay type                Incr(ns)  Path(ns)    Netlist Resource(s)
  -------------------------------------------------------------------    -------------------
                         (clock sys_clk_pin rise edge)
                                                      0.000     0.000 r  
    E3                                                0.000     0.000 r  clk (IN)
                         net (fo=0)                   0.000     0.000    clk
    E3                   IBUF (Prop_ibuf_I_O)         1.482     1.482 r  clk_IBUF_inst/O
                         net (fo=1, routed)           2.025     3.506    clk_IBUF
    BUFGCTRL_X0Y16       BUFG (Prop_bufg_I_O)         0.096     3.602 r  clk_IBUF_BUFG_inst/O
                         net (fo=244, routed)         1.722     5.325    nolabel_line82/UP_COUNTER0/clk_IBUF_BUFG
    SLICE_X4Y89          FDCE                                         r  nolabel_line82/UP_COUNTER0/Q_reg_reg[0]/C
  -------------------------------------------------------------------    -------------------
    SLICE_X4Y89          FDCE (Prop_fdce_C_Q)         0.456     5.781 r  nolabel_line82/UP_COUNTER0/Q_reg_reg[0]/Q
                         net (fo=17, routed)          1.339     7.120    nolabel_line82/UP_COUNTER0/Q_reg[0]
    SLICE_X4Y89          LUT4 (Prop_lut4_I2_O)        0.124     7.244 r  nolabel_line82/UP_COUNTER0/sseg_OBUF[6]_inst_i_6/O
                         net (fo=2, routed)           0.679     7.923    nolabel_line82/UP_COUNTER0/sseg_OBUF[6]_inst_i_6_n_0
    SLICE_X4Y89          LUT6 (Prop_lut6_I5_O)        0.124     8.047 r  nolabel_line82/UP_COUNTER0/sseg_OBUF[6]_inst_i_2/O
                         net (fo=4, routed)           0.599     8.646    nolabel_line82/UP_COUNTER0/sseg_OBUF[6]_inst_i_2_n_0
    SLICE_X2Y88          LUT6 (Prop_lut6_I0_O)        0.124     8.770 r  nolabel_line82/UP_COUNTER0/sseg_OBUF[1]_inst_i_1/O
                         net (fo=1, routed)           2.971    11.742    sseg_OBUF[1]
    R10                  OBUF (Prop_obuf_I_O)         3.555    15.297 r  sseg_OBUF[1]_inst/O
                         net (fo=0)                   0.000    15.297    sseg[1]
    R10                                                               r  sseg[1] (OUT)
  -------------------------------------------------------------------    -------------------

Slack:                    inf
  Source:                 nolabel_line82/UP_COUNTER0/Q_reg_reg[0]/C
                            (rising edge-triggered cell FDCE clocked by sys_clk_pin  {rise@0.000ns fall@5.000ns period=10.000ns})
  Destination:            sseg[3]
                            (output port)
  Path Group:             (none)
  Path Type:              Max at Slow Process Corner
  Data Path Delay:        9.920ns  (logic 4.608ns (46.453%)  route 5.312ns (53.547%))
  Logic Levels:           4  (LUT4=1 LUT5=1 LUT6=1 OBUF=1)
  Clock Uncertainty:      0.025ns  ((TSJ^2 + TIJ^2)^1/2 + DJ) / 2 + PE
    Total System Jitter     (TSJ):    0.050ns
    Total Input Jitter      (TIJ):    0.000ns
    Discrete Jitter          (DJ):    0.000ns
    Phase Error              (PE):    0.000ns

    Location             Delay type                Incr(ns)  Path(ns)    Netlist Resource(s)
  -------------------------------------------------------------------    -------------------
                         (clock sys_clk_pin rise edge)
                                                      0.000     0.000 r  
    E3                                                0.000     0.000 r  clk (IN)
                         net (fo=0)                   0.000     0.000    clk
    E3                   IBUF (Prop_ibuf_I_O)         1.482     1.482 r  clk_IBUF_inst/O
                         net (fo=1, routed)           2.025     3.506    clk_IBUF
    BUFGCTRL_X0Y16       BUFG (Prop_bufg_I_O)         0.096     3.602 r  clk_IBUF_BUFG_inst/O
                         net (fo=244, routed)         1.722     5.325    nolabel_line82/UP_COUNTER0/clk_IBUF_BUFG
    SLICE_X4Y89          FDCE                                         r  nolabel_line82/UP_COUNTER0/Q_reg_reg[0]/C
  -------------------------------------------------------------------    -------------------
    SLICE_X4Y89          FDCE (Prop_fdce_C_Q)         0.456     5.781 r  nolabel_line82/UP_COUNTER0/Q_reg_reg[0]/Q
                         net (fo=17, routed)          0.877     6.657    nolabel_line82/UP_COUNTER0/Q_reg[0]
    SLICE_X4Y90          LUT4 (Prop_lut4_I2_O)        0.124     6.781 r  nolabel_line82/UP_COUNTER0/sseg_OBUF[6]_inst_i_7/O
                         net (fo=2, routed)           0.590     7.372    nolabel_line82/UP_COUNTER0/sseg_OBUF[6]_inst_i_7_n_0
    SLICE_X4Y92          LUT6 (Prop_lut6_I5_O)        0.124     7.496 r  nolabel_line82/UP_COUNTER0/sseg_OBUF[6]_inst_i_3/O
                         net (fo=6, routed)           1.303     8.799    nolabel_line82/UP_COUNTER0/sseg_OBUF[6]_inst_i_3_n_0
    SLICE_X2Y88          LUT5 (Prop_lut5_I1_O)        0.150     8.949 r  nolabel_line82/UP_COUNTER0/sseg_OBUF[3]_inst_i_1/O
                         net (fo=1, routed)           2.542    11.491    sseg_OBUF[3]
    K13                  OBUF (Prop_obuf_I_O)         3.754    15.245 r  sseg_OBUF[3]_inst/O
                         net (fo=0)                   0.000    15.245    sseg[3]
    K13                                                               r  sseg[3] (OUT)
  -------------------------------------------------------------------    -------------------

Slack:                    inf
  Source:                 nolabel_line82/UP_COUNTER0/Q_reg_reg[2]/C
                            (rising edge-triggered cell FDCE clocked by sys_clk_pin  {rise@0.000ns fall@5.000ns period=10.000ns})
  Destination:            AN[6]
                            (output port)
  Path Group:             (none)
  Path Type:              Max at Slow Process Corner
  Data Path Delay:        9.748ns  (logic 4.463ns (45.779%)  route 5.285ns (54.221%))
  Logic Levels:           2  (LUT4=1 OBUF=1)
  Clock Uncertainty:      0.025ns  ((TSJ^2 + TIJ^2)^1/2 + DJ) / 2 + PE
    Total System Jitter     (TSJ):    0.050ns
    Total Input Jitter      (TIJ):    0.000ns
    Discrete Jitter          (DJ):    0.000ns
    Phase Error              (PE):    0.000ns

    Location             Delay type                Incr(ns)  Path(ns)    Netlist Resource(s)
  -------------------------------------------------------------------    -------------------
                         (clock sys_clk_pin rise edge)
                                                      0.000     0.000 r  
    E3                                                0.000     0.000 r  clk (IN)
                         net (fo=0)                   0.000     0.000    clk
    E3                   IBUF (Prop_ibuf_I_O)         1.482     1.482 r  clk_IBUF_inst/O
                         net (fo=1, routed)           2.025     3.506    clk_IBUF
    BUFGCTRL_X0Y16       BUFG (Prop_bufg_I_O)         0.096     3.602 r  clk_IBUF_BUFG_inst/O
                         net (fo=244, routed)         1.722     5.325    nolabel_line82/UP_COUNTER0/clk_IBUF_BUFG
    SLICE_X4Y90          FDCE                                         r  nolabel_line82/UP_COUNTER0/Q_reg_reg[2]/C
  -------------------------------------------------------------------    -------------------
    SLICE_X4Y90          FDCE (Prop_fdce_C_Q)         0.419     5.744 f  nolabel_line82/UP_COUNTER0/Q_reg_reg[2]/Q
                         net (fo=12, routed)          0.758     6.501    nolabel_line82/UP_COUNTER0/Q_reg[2]
    SLICE_X4Y90          LUT4 (Prop_lut4_I2_O)        0.324     6.825 r  nolabel_line82/UP_COUNTER0/AN_OBUF[6]_inst_i_1/O
                         net (fo=1, routed)           4.528    11.353    AN_OBUF[6]
    K2                   OBUF (Prop_obuf_I_O)         3.720    15.073 r  AN_OBUF[6]_inst/O
                         net (fo=0)                   0.000    15.073    AN[6]
    K2                                                                r  AN[6] (OUT)
  -------------------------------------------------------------------    -------------------

Slack:                    inf
  Source:                 uart_driver/transmitter/tx_reg_reg/C
                            (rising edge-triggered cell FDPE clocked by sys_clk_pin  {rise@0.000ns fall@5.000ns period=10.000ns})
  Destination:            tx
                            (output port)
  Path Group:             (none)
  Path Type:              Max at Slow Process Corner
  Data Path Delay:        9.409ns  (logic 4.011ns (42.631%)  route 5.398ns (57.369%))
  Logic Levels:           1  (OBUF=1)
  Clock Uncertainty:      0.025ns  ((TSJ^2 + TIJ^2)^1/2 + DJ) / 2 + PE
    Total System Jitter     (TSJ):    0.050ns
    Total Input Jitter      (TIJ):    0.000ns
    Discrete Jitter          (DJ):    0.000ns
    Phase Error              (PE):    0.000ns

    Location             Delay type                Incr(ns)  Path(ns)    Netlist Resource(s)
  -------------------------------------------------------------------    -------------------
                         (clock sys_clk_pin rise edge)
                                                      0.000     0.000 r  
    E3                                                0.000     0.000 r  clk (IN)
                         net (fo=0)                   0.000     0.000    clk
    E3                   IBUF (Prop_ibuf_I_O)         1.482     1.482 r  clk_IBUF_inst/O
                         net (fo=1, routed)           2.025     3.506    clk_IBUF
    BUFGCTRL_X0Y16       BUFG (Prop_bufg_I_O)         0.096     3.602 r  clk_IBUF_BUFG_inst/O
                         net (fo=244, routed)         1.717     5.320    uart_driver/transmitter/clk_IBUF_BUFG
    SLICE_X5Y84          FDPE                                         r  uart_driver/transmitter/tx_reg_reg/C
  -------------------------------------------------------------------    -------------------
    SLICE_X5Y84          FDPE (Prop_fdpe_C_Q)         0.456     5.776 r  uart_driver/transmitter/tx_reg_reg/Q
                         net (fo=1, routed)           5.398    11.174    tx_OBUF
    D4                   OBUF (Prop_obuf_I_O)         3.555    14.729 r  tx_OBUF_inst/O
                         net (fo=0)                   0.000    14.729    tx
    D4                                                                r  tx (OUT)
  -------------------------------------------------------------------    -------------------

Slack:                    inf
  Source:                 nolabel_line82/UP_COUNTER0/Q_reg_reg[0]/C
                            (rising edge-triggered cell FDCE clocked by sys_clk_pin  {rise@0.000ns fall@5.000ns period=10.000ns})
  Destination:            sseg[4]
                            (output port)
  Path Group:             (none)
  Path Type:              Max at Slow Process Corner
  Data Path Delay:        9.271ns  (logic 4.362ns (47.046%)  route 4.909ns (52.954%))
  Logic Levels:           4  (LUT4=1 LUT5=1 LUT6=1 OBUF=1)
  Clock Uncertainty:      0.025ns  ((TSJ^2 + TIJ^2)^1/2 + DJ) / 2 + PE
    Total System Jitter     (TSJ):    0.050ns
    Total Input Jitter      (TIJ):    0.000ns
    Discrete Jitter          (DJ):    0.000ns
    Phase Error              (PE):    0.000ns

    Location             Delay type                Incr(ns)  Path(ns)    Netlist Resource(s)
  -------------------------------------------------------------------    -------------------
                         (clock sys_clk_pin rise edge)
                                                      0.000     0.000 r  
    E3                                                0.000     0.000 r  clk (IN)
                         net (fo=0)                   0.000     0.000    clk
    E3                   IBUF (Prop_ibuf_I_O)         1.482     1.482 r  clk_IBUF_inst/O
                         net (fo=1, routed)           2.025     3.506    clk_IBUF
    BUFGCTRL_X0Y16       BUFG (Prop_bufg_I_O)         0.096     3.602 r  clk_IBUF_BUFG_inst/O
                         net (fo=244, routed)         1.722     5.325    nolabel_line82/UP_COUNTER0/clk_IBUF_BUFG
    SLICE_X4Y89          FDCE                                         r  nolabel_line82/UP_COUNTER0/Q_reg_reg[0]/C
  -------------------------------------------------------------------    -------------------
    SLICE_X4Y89          FDCE (Prop_fdce_C_Q)         0.456     5.781 r  nolabel_line82/UP_COUNTER0/Q_reg_reg[0]/Q
                         net (fo=17, routed)          0.877     6.657    nolabel_line82/UP_COUNTER0/Q_reg[0]
    SLICE_X4Y90          LUT4 (Prop_lut4_I2_O)        0.124     6.781 r  nolabel_line82/UP_COUNTER0/sseg_OBUF[6]_inst_i_7/O
                         net (fo=2, routed)           0.590     7.372    nolabel_line82/UP_COUNTER0/sseg_OBUF[6]_inst_i_7_n_0
    SLICE_X4Y92          LUT6 (Prop_lut6_I5_O)        0.124     7.496 r  nolabel_line82/UP_COUNTER0/sseg_OBUF[6]_inst_i_3/O
                         net (fo=6, routed)           1.303     8.799    nolabel_line82/UP_COUNTER0/sseg_OBUF[6]_inst_i_3_n_0
    SLICE_X2Y88          LUT5 (Prop_lut5_I2_O)        0.124     8.923 r  nolabel_line82/UP_COUNTER0/sseg_OBUF[4]_inst_i_1/O
                         net (fo=1, routed)           2.139    11.062    sseg_OBUF[4]
    P15                  OBUF (Prop_obuf_I_O)         3.534    14.595 r  sseg_OBUF[4]_inst/O
                         net (fo=0)                   0.000    14.595    sseg[4]
    P15                                                               r  sseg[4] (OUT)
  -------------------------------------------------------------------    -------------------

Slack:                    inf
  Source:                 nolabel_line82/UP_COUNTER0/Q_reg_reg[0]/C
                            (rising edge-triggered cell FDCE clocked by sys_clk_pin  {rise@0.000ns fall@5.000ns period=10.000ns})
  Destination:            sseg[6]
                            (output port)
  Path Group:             (none)
  Path Type:              Max at Slow Process Corner
  Data Path Delay:        8.872ns  (logic 4.365ns (49.202%)  route 4.507ns (50.798%))
  Logic Levels:           4  (LUT4=2 LUT6=1 OBUF=1)
  Clock Uncertainty:      0.025ns  ((TSJ^2 + TIJ^2)^1/2 + DJ) / 2 + PE
    Total System Jitter     (TSJ):    0.050ns
    Total Input Jitter      (TIJ):    0.000ns
    Discrete Jitter          (DJ):    0.000ns
    Phase Error              (PE):    0.000ns

    Location             Delay type                Incr(ns)  Path(ns)    Netlist Resource(s)
  -------------------------------------------------------------------    -------------------
                         (clock sys_clk_pin rise edge)
                                                      0.000     0.000 r  
    E3                                                0.000     0.000 r  clk (IN)
                         net (fo=0)                   0.000     0.000    clk
    E3                   IBUF (Prop_ibuf_I_O)         1.482     1.482 r  clk_IBUF_inst/O
                         net (fo=1, routed)           2.025     3.506    clk_IBUF
    BUFGCTRL_X0Y16       BUFG (Prop_bufg_I_O)         0.096     3.602 r  clk_IBUF_BUFG_inst/O
                         net (fo=244, routed)         1.722     5.325    nolabel_line82/UP_COUNTER0/clk_IBUF_BUFG
    SLICE_X4Y89          FDCE                                         r  nolabel_line82/UP_COUNTER0/Q_reg_reg[0]/C
  -------------------------------------------------------------------    -------------------
    SLICE_X4Y89          FDCE (Prop_fdce_C_Q)         0.456     5.781 r  nolabel_line82/UP_COUNTER0/Q_reg_reg[0]/Q
                         net (fo=17, routed)          0.842     6.623    nolabel_line82/UP_COUNTER0/Q_reg[0]
    SLICE_X3Y89          LUT4 (Prop_lut4_I1_O)        0.124     6.747 r  nolabel_line82/UP_COUNTER0/sseg_OBUF[6]_inst_i_8/O
                         net (fo=1, routed)           0.580     7.327    nolabel_line82/UP_COUNTER0/sseg_OBUF[6]_inst_i_8_n_0
    SLICE_X4Y89          LUT6 (Prop_lut6_I5_O)        0.124     7.451 r  nolabel_line82/UP_COUNTER0/sseg_OBUF[6]_inst_i_4/O
                         net (fo=7, routed)           1.241     8.692    nolabel_line82/UP_COUNTER0/sseg_OBUF[6]_inst_i_4_n_0
    SLICE_X2Y89          LUT4 (Prop_lut4_I2_O)        0.124     8.816 r  nolabel_line82/UP_COUNTER0/sseg_OBUF[6]_inst_i_1/O
                         net (fo=1, routed)           1.843    10.660    sseg_OBUF[6]
    L18                  OBUF (Prop_obuf_I_O)         3.537    14.197 r  sseg_OBUF[6]_inst/O
                         net (fo=0)                   0.000    14.197    sseg[6]
    L18                                                               r  sseg[6] (OUT)
  -------------------------------------------------------------------    -------------------

Slack:                    inf
  Source:                 nolabel_line82/UP_COUNTER0/Q_reg_reg[0]/C
                            (rising edge-triggered cell FDCE clocked by sys_clk_pin  {rise@0.000ns fall@5.000ns period=10.000ns})
  Destination:            sseg[2]
                            (output port)
  Path Group:             (none)
  Path Type:              Max at Slow Process Corner
  Data Path Delay:        8.677ns  (logic 4.321ns (49.801%)  route 4.356ns (50.199%))
  Logic Levels:           4  (LUT4=2 LUT6=1 OBUF=1)
  Clock Uncertainty:      0.025ns  ((TSJ^2 + TIJ^2)^1/2 + DJ) / 2 + PE
    Total System Jitter     (TSJ):    0.050ns
    Total Input Jitter      (TIJ):    0.000ns
    Discrete Jitter          (DJ):    0.000ns
    Phase Error              (PE):    0.000ns

    Location             Delay type                Incr(ns)  Path(ns)    Netlist Resource(s)
  -------------------------------------------------------------------    -------------------
                         (clock sys_clk_pin rise edge)
                                                      0.000     0.000 r  
    E3                                                0.000     0.000 r  clk (IN)
                         net (fo=0)                   0.000     0.000    clk
    E3                   IBUF (Prop_ibuf_I_O)         1.482     1.482 r  clk_IBUF_inst/O
                         net (fo=1, routed)           2.025     3.506    clk_IBUF
    BUFGCTRL_X0Y16       BUFG (Prop_bufg_I_O)         0.096     3.602 r  clk_IBUF_BUFG_inst/O
                         net (fo=244, routed)         1.722     5.325    nolabel_line82/UP_COUNTER0/clk_IBUF_BUFG
    SLICE_X4Y89          FDCE                                         r  nolabel_line82/UP_COUNTER0/Q_reg_reg[0]/C
  -------------------------------------------------------------------    -------------------
    SLICE_X4Y89          FDCE (Prop_fdce_C_Q)         0.456     5.781 r  nolabel_line82/UP_COUNTER0/Q_reg_reg[0]/Q
                         net (fo=17, routed)          1.339     7.120    nolabel_line82/UP_COUNTER0/Q_reg[0]
    SLICE_X4Y89          LUT4 (Prop_lut4_I2_O)        0.124     7.244 r  nolabel_line82/UP_COUNTER0/sseg_OBUF[6]_inst_i_6/O
                         net (fo=2, routed)           0.289     7.533    nolabel_line82/UP_COUNTER0/sseg_OBUF[6]_inst_i_6_n_0
    SLICE_X4Y89          LUT6 (Prop_lut6_I5_O)        0.124     7.657 f  nolabel_line82/UP_COUNTER0/sseg_OBUF[4]_inst_i_2/O
                         net (fo=5, routed)           0.812     8.469    nolabel_line82/UP_COUNTER0/sseg_OBUF[4]_inst_i_2_n_0
    SLICE_X2Y89          LUT4 (Prop_lut4_I3_O)        0.124     8.593 r  nolabel_line82/UP_COUNTER0/sseg_OBUF[2]_inst_i_1/O
                         net (fo=1, routed)           1.915    10.508    sseg_OBUF[2]
    K16                  OBUF (Prop_obuf_I_O)         3.493    14.001 r  sseg_OBUF[2]_inst/O
                         net (fo=0)                   0.000    14.001    sseg[2]
    K16                                                               r  sseg[2] (OUT)
  -------------------------------------------------------------------    -------------------

Slack:                    inf
  Source:                 nolabel_line82/UP_COUNTER0/Q_reg_reg[2]/C
                            (rising edge-triggered cell FDCE clocked by sys_clk_pin  {rise@0.000ns fall@5.000ns period=10.000ns})
  Destination:            AN[7]
                            (output port)
  Path Group:             (none)
  Path Type:              Max at Slow Process Corner
  Data Path Delay:        7.726ns  (logic 4.268ns (55.246%)  route 3.458ns (44.754%))
  Logic Levels:           2  (LUT4=1 OBUF=1)
  Clock Uncertainty:      0.025ns  ((TSJ^2 + TIJ^2)^1/2 + DJ) / 2 + PE
    Total System Jitter     (TSJ):    0.050ns
    Total Input Jitter      (TIJ):    0.000ns
    Discrete Jitter          (DJ):    0.000ns
    Phase Error              (PE):    0.000ns

    Location             Delay type                Incr(ns)  Path(ns)    Netlist Resource(s)
  -------------------------------------------------------------------    -------------------
                         (clock sys_clk_pin rise edge)
                                                      0.000     0.000 r  
    E3                                                0.000     0.000 r  clk (IN)
                         net (fo=0)                   0.000     0.000    clk
    E3                   IBUF (Prop_ibuf_I_O)         1.482     1.482 r  clk_IBUF_inst/O
                         net (fo=1, routed)           2.025     3.506    clk_IBUF
    BUFGCTRL_X0Y16       BUFG (Prop_bufg_I_O)         0.096     3.602 r  clk_IBUF_BUFG_inst/O
                         net (fo=244, routed)         1.722     5.325    nolabel_line82/UP_COUNTER0/clk_IBUF_BUFG
    SLICE_X4Y90          FDCE                                         r  nolabel_line82/UP_COUNTER0/Q_reg_reg[2]/C
  -------------------------------------------------------------------    -------------------
    SLICE_X4Y90          FDCE (Prop_fdce_C_Q)         0.419     5.744 f  nolabel_line82/UP_COUNTER0/Q_reg_reg[2]/Q
                         net (fo=12, routed)          0.758     6.501    nolabel_line82/UP_COUNTER0/Q_reg[2]
    SLICE_X4Y90          LUT4 (Prop_lut4_I3_O)        0.296     6.797 r  nolabel_line82/UP_COUNTER0/AN_OBUF[7]_inst_i_1/O
                         net (fo=1, routed)           2.700     9.497    AN_OBUF[7]
    U13                  OBUF (Prop_obuf_I_O)         3.553    13.051 r  AN_OBUF[7]_inst/O
                         net (fo=0)                   0.000    13.051    AN[7]
    U13                                                               r  AN[7] (OUT)
  -------------------------------------------------------------------    -------------------





Min Delay Paths
--------------------------------------------------------------------------------------
Slack:                    inf
  Source:                 <hidden>
                            (rising edge-triggered cell FDSE clocked by sys_clk_pin  {rise@0.000ns fall@5.000ns period=10.000ns})
  Destination:            rx_empty
                            (output port)
  Path Group:             (none)
  Path Type:              Min at Fast Process Corner
  Data Path Delay:        1.985ns  (logic 1.362ns (68.624%)  route 0.623ns (31.376%))
  Logic Levels:           1  (OBUF=1)
  Clock Uncertainty:      0.025ns  ((TSJ^2 + TIJ^2)^1/2 + DJ) / 2 + PE
    Total System Jitter     (TSJ):    0.050ns
    Total Input Jitter      (TIJ):    0.000ns
    Discrete Jitter          (DJ):    0.000ns
    Phase Error              (PE):    0.000ns

    Location             Delay type                Incr(ns)  Path(ns)    Netlist Resource(s)
  -------------------------------------------------------------------    -------------------
                         (clock sys_clk_pin rise edge)
                                                      0.000     0.000 r  
    E3                                                0.000     0.000 r  clk (IN)
                         net (fo=0)                   0.000     0.000    clk
    E3                   IBUF (Prop_ibuf_I_O)         0.250     0.250 r  clk_IBUF_inst/O
                         net (fo=1, routed)           0.644     0.894    clk_IBUF
    BUFGCTRL_X0Y16       BUFG (Prop_bufg_I_O)         0.026     0.920 r  clk_IBUF_BUFG_inst/O
                         net (fo=244, routed)         0.602     1.521    <hidden>
    SLICE_X5Y92          FDSE                                         r  <hidden>
  -------------------------------------------------------------------    -------------------
    SLICE_X5Y92          FDSE (Prop_fdse_C_Q)         0.141     1.662 r  <hidden>
                         net (fo=3, routed)           0.623     2.285    rx_empty_OBUF
    H17                  OBUF (Prop_obuf_I_O)         1.221     3.507 r  rx_empty_OBUF_inst/O
                         net (fo=0)                   0.000     3.507    rx_empty
    H17                                                               r  rx_empty (OUT)
  -------------------------------------------------------------------    -------------------

Slack:                    inf
  Source:                 <hidden>
                            (rising edge-triggered cell FDRE clocked by sys_clk_pin  {rise@0.000ns fall@5.000ns period=10.000ns})
  Destination:            tx_full
                            (output port)
  Path Group:             (none)
  Path Type:              Min at Fast Process Corner
  Data Path Delay:        2.113ns  (logic 1.438ns (68.067%)  route 0.675ns (31.933%))
  Logic Levels:           1  (OBUF=1)
  Clock Uncertainty:      0.025ns  ((TSJ^2 + TIJ^2)^1/2 + DJ) / 2 + PE
    Total System Jitter     (TSJ):    0.050ns
    Total Input Jitter      (TIJ):    0.000ns
    Discrete Jitter          (DJ):    0.000ns
    Phase Error              (PE):    0.000ns

    Location             Delay type                Incr(ns)  Path(ns)    Netlist Resource(s)
  -------------------------------------------------------------------    -------------------
                         (clock sys_clk_pin rise edge)
                                                      0.000     0.000 r  
    E3                                                0.000     0.000 r  clk (IN)
                         net (fo=0)                   0.000     0.000    clk
    E3                   IBUF (Prop_ibuf_I_O)         0.250     0.250 r  clk_IBUF_inst/O
                         net (fo=1, routed)           0.644     0.894    clk_IBUF
    BUFGCTRL_X0Y16       BUFG (Prop_bufg_I_O)         0.026     0.920 r  clk_IBUF_BUFG_inst/O
                         net (fo=244, routed)         0.571     1.490    <hidden>
    SLICE_X8Y86          FDRE                                         r  <hidden>
  -------------------------------------------------------------------    -------------------
    SLICE_X8Y86          FDRE (Prop_fdre_C_Q)         0.148     1.638 r  <hidden>
                         net (fo=1, routed)           0.675     2.313    tx_full_OBUF
    K15                  OBUF (Prop_obuf_I_O)         1.290     3.603 r  tx_full_OBUF_inst/O
                         net (fo=0)                   0.000     3.603    tx_full
    K15                                                               r  tx_full (OUT)
  -------------------------------------------------------------------    -------------------

Slack:                    inf
  Source:                 <hidden>
                            (rising edge-triggered cell FDRE clocked by sys_clk_pin  {rise@0.000ns fall@5.000ns period=10.000ns})
  Destination:            sseg[6]
                            (output port)
  Path Group:             (none)
  Path Type:              Min at Fast Process Corner
  Data Path Delay:        2.213ns  (logic 1.469ns (66.398%)  route 0.743ns (33.602%))
  Logic Levels:           3  (LUT4=1 LUT6=1 OBUF=1)
  Clock Uncertainty:      0.025ns  ((TSJ^2 + TIJ^2)^1/2 + DJ) / 2 + PE
    Total System Jitter     (TSJ):    0.050ns
    Total Input Jitter      (TIJ):    0.000ns
    Discrete Jitter          (DJ):    0.000ns
    Phase Error              (PE):    0.000ns

    Location             Delay type                Incr(ns)  Path(ns)    Netlist Resource(s)
  -------------------------------------------------------------------    -------------------
                         (clock sys_clk_pin rise edge)
                                                      0.000     0.000 r  
    E3                                                0.000     0.000 r  clk (IN)
                         net (fo=0)                   0.000     0.000    clk
    E3                   IBUF (Prop_ibuf_I_O)         0.250     0.250 r  clk_IBUF_inst/O
                         net (fo=1, routed)           0.644     0.894    clk_IBUF
    BUFGCTRL_X0Y16       BUFG (Prop_bufg_I_O)         0.026     0.920 r  clk_IBUF_BUFG_inst/O
                         net (fo=244, routed)         0.601     1.520    <hidden>
    SLICE_X4Y88          FDRE                                         r  <hidden>
  -------------------------------------------------------------------    -------------------
    SLICE_X4Y88          FDRE (Prop_fdre_C_Q)         0.141     1.661 f  <hidden>
                         net (fo=2, routed)           0.125     1.787    nolabel_line82/UP_COUNTER0/dout[4]
    SLICE_X4Y89          LUT6 (Prop_lut6_I3_O)        0.045     1.832 r  nolabel_line82/UP_COUNTER0/sseg_OBUF[6]_inst_i_2/O
                         net (fo=4, routed)           0.223     2.054    nolabel_line82/UP_COUNTER0/sseg_OBUF[6]_inst_i_2_n_0
    SLICE_X2Y89          LUT4 (Prop_lut4_I0_O)        0.045     2.099 r  nolabel_line82/UP_COUNTER0/sseg_OBUF[6]_inst_i_1/O
                         net (fo=1, routed)           0.395     2.495    sseg_OBUF[6]
    L18                  OBUF (Prop_obuf_I_O)         1.238     3.733 r  sseg_OBUF[6]_inst/O
                         net (fo=0)                   0.000     3.733    sseg[6]
    L18                                                               r  sseg[6] (OUT)
  -------------------------------------------------------------------    -------------------

Slack:                    inf
  Source:                 nolabel_line82/UP_COUNTER0/Q_reg_reg[2]/C
                            (rising edge-triggered cell FDCE clocked by sys_clk_pin  {rise@0.000ns fall@5.000ns period=10.000ns})
  Destination:            AN[0]
                            (output port)
  Path Group:             (none)
  Path Type:              Min at Fast Process Corner
  Data Path Delay:        2.228ns  (logic 1.533ns (68.830%)  route 0.694ns (31.170%))
  Logic Levels:           2  (LUT3=1 OBUF=1)
  Clock Uncertainty:      0.025ns  ((TSJ^2 + TIJ^2)^1/2 + DJ) / 2 + PE
    Total System Jitter     (TSJ):    0.050ns
    Total Input Jitter      (TIJ):    0.000ns
    Discrete Jitter          (DJ):    0.000ns
    Phase Error              (PE):    0.000ns

    Location             Delay type                Incr(ns)  Path(ns)    Netlist Resource(s)
  -------------------------------------------------------------------    -------------------
                         (clock sys_clk_pin rise edge)
                                                      0.000     0.000 r  
    E3                                                0.000     0.000 r  clk (IN)
                         net (fo=0)                   0.000     0.000    clk
    E3                   IBUF (Prop_ibuf_I_O)         0.250     0.250 r  clk_IBUF_inst/O
                         net (fo=1, routed)           0.644     0.894    clk_IBUF
    BUFGCTRL_X0Y16       BUFG (Prop_bufg_I_O)         0.026     0.920 r  clk_IBUF_BUFG_inst/O
                         net (fo=244, routed)         0.602     1.521    nolabel_line82/UP_COUNTER0/clk_IBUF_BUFG
    SLICE_X4Y90          FDCE                                         r  nolabel_line82/UP_COUNTER0/Q_reg_reg[2]/C
  -------------------------------------------------------------------    -------------------
    SLICE_X4Y90          FDCE (Prop_fdce_C_Q)         0.128     1.649 r  nolabel_line82/UP_COUNTER0/Q_reg_reg[2]/Q
                         net (fo=12, routed)          0.178     1.828    nolabel_line82/UP_COUNTER0/Q_reg[2]
    SLICE_X4Y90          LUT3 (Prop_lut3_I0_O)        0.102     1.930 r  nolabel_line82/UP_COUNTER0/AN_OBUF[0]_inst_i_1/O
                         net (fo=1, routed)           0.516     2.446    AN_OBUF[0]
    J17                  OBUF (Prop_obuf_I_O)         1.303     3.749 r  AN_OBUF[0]_inst/O
                         net (fo=0)                   0.000     3.749    AN[0]
    J17                                                               r  AN[0] (OUT)
  -------------------------------------------------------------------    -------------------

Slack:                    inf
  Source:                 <hidden>
                            (rising edge-triggered cell FDRE clocked by sys_clk_pin  {rise@0.000ns fall@5.000ns period=10.000ns})
  Destination:            sseg[2]
                            (output port)
  Path Group:             (none)
  Path Type:              Min at Fast Process Corner
  Data Path Delay:        2.231ns  (logic 1.425ns (63.899%)  route 0.805ns (36.101%))
  Logic Levels:           3  (LUT4=1 LUT6=1 OBUF=1)
  Clock Uncertainty:      0.025ns  ((TSJ^2 + TIJ^2)^1/2 + DJ) / 2 + PE
    Total System Jitter     (TSJ):    0.050ns
    Total Input Jitter      (TIJ):    0.000ns
    Discrete Jitter          (DJ):    0.000ns
    Phase Error              (PE):    0.000ns

    Location             Delay type                Incr(ns)  Path(ns)    Netlist Resource(s)
  -------------------------------------------------------------------    -------------------
                         (clock sys_clk_pin rise edge)
                                                      0.000     0.000 r  
    E3                                                0.000     0.000 r  clk (IN)
                         net (fo=0)                   0.000     0.000    clk
    E3                   IBUF (Prop_ibuf_I_O)         0.250     0.250 r  clk_IBUF_inst/O
                         net (fo=1, routed)           0.644     0.894    clk_IBUF
    BUFGCTRL_X0Y16       BUFG (Prop_bufg_I_O)         0.026     0.920 r  clk_IBUF_BUFG_inst/O
                         net (fo=244, routed)         0.602     1.521    <hidden>
    SLICE_X4Y92          FDRE                                         r  <hidden>
  -------------------------------------------------------------------    -------------------
    SLICE_X4Y92          FDRE (Prop_fdre_C_Q)         0.141     1.662 r  <hidden>
                         net (fo=2, routed)           0.174     1.836    nolabel_line82/UP_COUNTER0/dout[1]
    SLICE_X4Y92          LUT6 (Prop_lut6_I2_O)        0.045     1.881 r  nolabel_line82/UP_COUNTER0/sseg_OBUF[5]_inst_i_2/O
                         net (fo=6, routed)           0.203     2.084    nolabel_line82/UP_COUNTER0/sseg_OBUF[5]_inst_i_2_n_0
    SLICE_X2Y89          LUT4 (Prop_lut4_I2_O)        0.045     2.129 r  nolabel_line82/UP_COUNTER0/sseg_OBUF[2]_inst_i_1/O
                         net (fo=1, routed)           0.429     2.558    sseg_OBUF[2]
    K16                  OBUF (Prop_obuf_I_O)         1.194     3.752 r  sseg_OBUF[2]_inst/O
                         net (fo=0)                   0.000     3.752    sseg[2]
    K16                                                               r  sseg[2] (OUT)
  -------------------------------------------------------------------    -------------------

Slack:                    inf
  Source:                 nolabel_line82/UP_COUNTER0/Q_reg_reg[2]/C
                            (rising edge-triggered cell FDCE clocked by sys_clk_pin  {rise@0.000ns fall@5.000ns period=10.000ns})
  Destination:            AN[1]
                            (output port)
  Path Group:             (none)
  Path Type:              Min at Fast Process Corner
  Data Path Delay:        2.241ns  (logic 1.533ns (68.416%)  route 0.708ns (31.584%))
  Logic Levels:           2  (LUT3=1 OBUF=1)
  Clock Uncertainty:      0.025ns  ((TSJ^2 + TIJ^2)^1/2 + DJ) / 2 + PE
    Total System Jitter     (TSJ):    0.050ns
    Total Input Jitter      (TIJ):    0.000ns
    Discrete Jitter          (DJ):    0.000ns
    Phase Error              (PE):    0.000ns

    Location             Delay type                Incr(ns)  Path(ns)    Netlist Resource(s)
  -------------------------------------------------------------------    -------------------
                         (clock sys_clk_pin rise edge)
                                                      0.000     0.000 r  
    E3                                                0.000     0.000 r  clk (IN)
                         net (fo=0)                   0.000     0.000    clk
    E3                   IBUF (Prop_ibuf_I_O)         0.250     0.250 r  clk_IBUF_inst/O
                         net (fo=1, routed)           0.644     0.894    clk_IBUF
    BUFGCTRL_X0Y16       BUFG (Prop_bufg_I_O)         0.026     0.920 r  clk_IBUF_BUFG_inst/O
                         net (fo=244, routed)         0.602     1.521    nolabel_line82/UP_COUNTER0/clk_IBUF_BUFG
    SLICE_X4Y90          FDCE                                         r  nolabel_line82/UP_COUNTER0/Q_reg_reg[2]/C
  -------------------------------------------------------------------    -------------------
    SLICE_X4Y90          FDCE (Prop_fdce_C_Q)         0.128     1.649 r  nolabel_line82/UP_COUNTER0/Q_reg_reg[2]/Q
                         net (fo=12, routed)          0.182     1.831    nolabel_line82/UP_COUNTER0/Q_reg[2]
    SLICE_X4Y90          LUT3 (Prop_lut3_I0_O)        0.104     1.935 r  nolabel_line82/UP_COUNTER0/AN_OBUF[1]_inst_i_1/O
                         net (fo=1, routed)           0.526     2.461    AN_OBUF[1]
    J18                  OBUF (Prop_obuf_I_O)         1.301     3.763 r  AN_OBUF[1]_inst/O
                         net (fo=0)                   0.000     3.763    AN[1]
    J18                                                               r  AN[1] (OUT)
  -------------------------------------------------------------------    -------------------

Slack:                    inf
  Source:                 nolabel_line82/UP_COUNTER0/Q_reg_reg[0]/C
                            (rising edge-triggered cell FDCE clocked by sys_clk_pin  {rise@0.000ns fall@5.000ns period=10.000ns})
  Destination:            sseg[4]
                            (output port)
  Path Group:             (none)
  Path Type:              Min at Fast Process Corner
  Data Path Delay:        2.430ns  (logic 1.465ns (60.305%)  route 0.965ns (39.695%))
  Logic Levels:           3  (LUT5=1 LUT6=1 OBUF=1)
  Clock Uncertainty:      0.025ns  ((TSJ^2 + TIJ^2)^1/2 + DJ) / 2 + PE
    Total System Jitter     (TSJ):    0.050ns
    Total Input Jitter      (TIJ):    0.000ns
    Discrete Jitter          (DJ):    0.000ns
    Phase Error              (PE):    0.000ns

    Location             Delay type                Incr(ns)  Path(ns)    Netlist Resource(s)
  -------------------------------------------------------------------    -------------------
                         (clock sys_clk_pin rise edge)
                                                      0.000     0.000 r  
    E3                                                0.000     0.000 r  clk (IN)
                         net (fo=0)                   0.000     0.000    clk
    E3                   IBUF (Prop_ibuf_I_O)         0.250     0.250 r  clk_IBUF_inst/O
                         net (fo=1, routed)           0.644     0.894    clk_IBUF
    BUFGCTRL_X0Y16       BUFG (Prop_bufg_I_O)         0.026     0.920 r  clk_IBUF_BUFG_inst/O
                         net (fo=244, routed)         0.601     1.520    nolabel_line82/UP_COUNTER0/clk_IBUF_BUFG
    SLICE_X4Y89          FDCE                                         r  nolabel_line82/UP_COUNTER0/Q_reg_reg[0]/C
  -------------------------------------------------------------------    -------------------
    SLICE_X4Y89          FDCE (Prop_fdce_C_Q)         0.141     1.661 r  nolabel_line82/UP_COUNTER0/Q_reg_reg[0]/Q
                         net (fo=17, routed)          0.233     1.895    nolabel_line82/UP_COUNTER0/Q_reg[0]
    SLICE_X3Y89          LUT6 (Prop_lut6_I2_O)        0.045     1.940 f  nolabel_line82/UP_COUNTER0/sseg_OBUF[6]_inst_i_5/O
                         net (fo=7, routed)           0.179     2.119    nolabel_line82/UP_COUNTER0/sseg_OBUF[6]_inst_i_5_n_0
    SLICE_X2Y88          LUT5 (Prop_lut5_I4_O)        0.045     2.164 r  nolabel_line82/UP_COUNTER0/sseg_OBUF[4]_inst_i_1/O
                         net (fo=1, routed)           0.552     2.716    sseg_OBUF[4]
    P15                  OBUF (Prop_obuf_I_O)         1.234     3.950 r  sseg_OBUF[4]_inst/O
                         net (fo=0)                   0.000     3.950    sseg[4]
    P15                                                               r  sseg[4] (OUT)
  -------------------------------------------------------------------    -------------------

Slack:                    inf
  Source:                 <hidden>
                            (rising edge-triggered cell FDSE clocked by sys_clk_pin  {rise@0.000ns fall@5.000ns period=10.000ns})
  Destination:            AN[7]
                            (output port)
  Path Group:             (none)
  Path Type:              Min at Fast Process Corner
  Data Path Delay:        2.429ns  (logic 1.440ns (59.287%)  route 0.989ns (40.713%))
  Logic Levels:           2  (LUT4=1 OBUF=1)
  Clock Uncertainty:      0.025ns  ((TSJ^2 + TIJ^2)^1/2 + DJ) / 2 + PE
    Total System Jitter     (TSJ):    0.050ns
    Total Input Jitter      (TIJ):    0.000ns
    Discrete Jitter          (DJ):    0.000ns
    Phase Error              (PE):    0.000ns

    Location             Delay type                Incr(ns)  Path(ns)    Netlist Resource(s)
  -------------------------------------------------------------------    -------------------
                         (clock sys_clk_pin rise edge)
                                                      0.000     0.000 r  
    E3                                                0.000     0.000 r  clk (IN)
                         net (fo=0)                   0.000     0.000    clk
    E3                   IBUF (Prop_ibuf_I_O)         0.250     0.250 r  clk_IBUF_inst/O
                         net (fo=1, routed)           0.644     0.894    clk_IBUF
    BUFGCTRL_X0Y16       BUFG (Prop_bufg_I_O)         0.026     0.920 r  clk_IBUF_BUFG_inst/O
                         net (fo=244, routed)         0.602     1.521    <hidden>
    SLICE_X5Y92          FDSE                                         r  <hidden>
  -------------------------------------------------------------------    -------------------
    SLICE_X5Y92          FDSE (Prop_fdse_C_Q)         0.141     1.662 r  <hidden>
                         net (fo=3, routed)           0.247     1.909    nolabel_line82/UP_COUNTER0/empty
    SLICE_X4Y90          LUT4 (Prop_lut4_I0_O)        0.045     1.954 r  nolabel_line82/UP_COUNTER0/AN_OBUF[7]_inst_i_1/O
                         net (fo=1, routed)           0.742     2.696    AN_OBUF[7]
    U13                  OBUF (Prop_obuf_I_O)         1.254     3.950 r  AN_OBUF[7]_inst/O
                         net (fo=0)                   0.000     3.950    AN[7]
    U13                                                               r  AN[7] (OUT)
  -------------------------------------------------------------------    -------------------

Slack:                    inf
  Source:                 nolabel_line82/UP_COUNTER0/Q_reg_reg[0]/C
                            (rising edge-triggered cell FDCE clocked by sys_clk_pin  {rise@0.000ns fall@5.000ns period=10.000ns})
  Destination:            sseg[3]
                            (output port)
  Path Group:             (none)
  Path Type:              Min at Fast Process Corner
  Data Path Delay:        2.680ns  (logic 1.551ns (57.864%)  route 1.129ns (42.136%))
  Logic Levels:           3  (LUT5=1 LUT6=1 OBUF=1)
  Clock Uncertainty:      0.025ns  ((TSJ^2 + TIJ^2)^1/2 + DJ) / 2 + PE
    Total System Jitter     (TSJ):    0.050ns
    Total Input Jitter      (TIJ):    0.000ns
    Discrete Jitter          (DJ):    0.000ns
    Phase Error              (PE):    0.000ns

    Location             Delay type                Incr(ns)  Path(ns)    Netlist Resource(s)
  -------------------------------------------------------------------    -------------------
                         (clock sys_clk_pin rise edge)
                                                      0.000     0.000 r  
    E3                                                0.000     0.000 r  clk (IN)
                         net (fo=0)                   0.000     0.000    clk
    E3                   IBUF (Prop_ibuf_I_O)         0.250     0.250 r  clk_IBUF_inst/O
                         net (fo=1, routed)           0.644     0.894    clk_IBUF
    BUFGCTRL_X0Y16       BUFG (Prop_bufg_I_O)         0.026     0.920 r  clk_IBUF_BUFG_inst/O
                         net (fo=244, routed)         0.601     1.520    nolabel_line82/UP_COUNTER0/clk_IBUF_BUFG
    SLICE_X4Y89          FDCE                                         r  nolabel_line82/UP_COUNTER0/Q_reg_reg[0]/C
  -------------------------------------------------------------------    -------------------
    SLICE_X4Y89          FDCE (Prop_fdce_C_Q)         0.141     1.661 r  nolabel_line82/UP_COUNTER0/Q_reg_reg[0]/Q
                         net (fo=17, routed)          0.233     1.895    nolabel_line82/UP_COUNTER0/Q_reg[0]
    SLICE_X3Y89          LUT6 (Prop_lut6_I2_O)        0.045     1.940 r  nolabel_line82/UP_COUNTER0/sseg_OBUF[6]_inst_i_5/O
                         net (fo=7, routed)           0.179     2.119    nolabel_line82/UP_COUNTER0/sseg_OBUF[6]_inst_i_5_n_0
    SLICE_X2Y88          LUT5 (Prop_lut5_I0_O)        0.048     2.167 r  nolabel_line82/UP_COUNTER0/sseg_OBUF[3]_inst_i_1/O
                         net (fo=1, routed)           0.717     2.884    sseg_OBUF[3]
    K13                  OBUF (Prop_obuf_I_O)         1.317     4.201 r  sseg_OBUF[3]_inst/O
                         net (fo=0)                   0.000     4.201    sseg[3]
    K13                                                               r  sseg[3] (OUT)
  -------------------------------------------------------------------    -------------------

Slack:                    inf
  Source:                 <hidden>
                            (rising edge-triggered cell FDRE clocked by sys_clk_pin  {rise@0.000ns fall@5.000ns period=10.000ns})
  Destination:            sseg[5]
                            (output port)
  Path Group:             (none)
  Path Type:              Min at Fast Process Corner
  Data Path Delay:        2.715ns  (logic 1.561ns (57.508%)  route 1.154ns (42.492%))
  Logic Levels:           3  (LUT5=1 LUT6=1 OBUF=1)
  Clock Uncertainty:      0.025ns  ((TSJ^2 + TIJ^2)^1/2 + DJ) / 2 + PE
    Total System Jitter     (TSJ):    0.050ns
    Total Input Jitter      (TIJ):    0.000ns
    Discrete Jitter          (DJ):    0.000ns
    Phase Error              (PE):    0.000ns

    Location             Delay type                Incr(ns)  Path(ns)    Netlist Resource(s)
  -------------------------------------------------------------------    -------------------
                         (clock sys_clk_pin rise edge)
                                                      0.000     0.000 r  
    E3                                                0.000     0.000 r  clk (IN)
                         net (fo=0)                   0.000     0.000    clk
    E3                   IBUF (Prop_ibuf_I_O)         0.250     0.250 r  clk_IBUF_inst/O
                         net (fo=1, routed)           0.644     0.894    clk_IBUF
    BUFGCTRL_X0Y16       BUFG (Prop_bufg_I_O)         0.026     0.920 r  clk_IBUF_BUFG_inst/O
                         net (fo=244, routed)         0.601     1.520    <hidden>
    SLICE_X4Y88          FDRE                                         r  <hidden>
  -------------------------------------------------------------------    -------------------
    SLICE_X4Y88          FDRE (Prop_fdre_C_Q)         0.141     1.661 r  <hidden>
                         net (fo=2, routed)           0.125     1.787    nolabel_line82/UP_COUNTER0/dout[4]
    SLICE_X4Y89          LUT6 (Prop_lut6_I3_O)        0.045     1.832 f  nolabel_line82/UP_COUNTER0/sseg_OBUF[6]_inst_i_2/O
                         net (fo=4, routed)           0.223     2.054    nolabel_line82/UP_COUNTER0/sseg_OBUF[6]_inst_i_2_n_0
    SLICE_X2Y89          LUT5 (Prop_lut5_I1_O)        0.048     2.102 r  nolabel_line82/UP_COUNTER0/sseg_OBUF[5]_inst_i_1/O
                         net (fo=1, routed)           0.806     2.908    sseg_OBUF[5]
    T11                  OBUF (Prop_obuf_I_O)         1.327     4.235 r  sseg_OBUF[5]_inst/O
                         net (fo=0)                   0.000     4.235    sseg[5]
    T11                                                               r  sseg[5] (OUT)
  -------------------------------------------------------------------    -------------------





--------------------------------------------------------------------------------------
Path Group:  (none)
From Clock:  
  To Clock:  sys_clk_pin

Max Delay           219 Endpoints
Min Delay           219 Endpoints
--------------------------------------------------------------------------------------


Max Delay Paths
--------------------------------------------------------------------------------------
Slack:                    inf
  Source:                 rx
                            (input port)
  Destination:            uart_driver/receiver/FSM_sequential_state_reg_reg[1]/D
                            (rising edge-triggered cell FDCE clocked by sys_clk_pin  {rise@0.000ns fall@5.000ns period=10.000ns})
  Path Group:             (none)
  Path Type:              Setup (Max at Slow Process Corner)
  Data Path Delay:        8.630ns  (logic 2.098ns (24.308%)  route 6.532ns (75.692%))
  Logic Levels:           4  (IBUF=1 LUT3=1 LUT5=1 LUT6=1)
  Clock Path Skew:        5.021ns (DCD - SCD + CPR)
    Destination Clock Delay (DCD):    5.021ns
    Source Clock Delay      (SCD):    0.000ns
    Clock Pessimism Removal (CPR):    0.000ns
  Clock Uncertainty:      0.025ns  ((TSJ^2 + TIJ^2)^1/2 + DJ) / 2 + PE
    Total System Jitter     (TSJ):    0.050ns
    Total Input Jitter      (TIJ):    0.000ns
    Discrete Jitter          (DJ):    0.000ns
    Phase Error              (PE):    0.000ns

    Location             Delay type                Incr(ns)  Path(ns)    Netlist Resource(s)
  -------------------------------------------------------------------    -------------------
    C4                                                0.000     0.000 f  rx (IN)
                         net (fo=0)                   0.000     0.000    rx
    C4                   IBUF (Prop_ibuf_I_O)         1.490     1.490 f  rx_IBUF_inst/O
                         net (fo=3, routed)           5.244     6.734    uart_driver/receiver/D[0]
    SLICE_X4Y87          LUT3 (Prop_lut3_I2_O)        0.152     6.886 r  uart_driver/receiver/FSM_sequential_state_reg[0]_i_3/O
                         net (fo=2, routed)           0.666     7.551    uart_driver/receiver/FSM_sequential_state_reg_reg[0]_1
    SLICE_X4Y86          LUT6 (Prop_lut6_I5_O)        0.332     7.883 r  uart_driver/receiver/FSM_sequential_state_reg[1]_i_3__1/O
                         net (fo=1, routed)           0.623     8.506    uart_driver/receiver/FSM_sequential_state_reg[1]_i_3__1_n_0
    SLICE_X5Y86          LUT5 (Prop_lut5_I3_O)        0.124     8.630 r  uart_driver/receiver/FSM_sequential_state_reg[1]_i_1/O
                         net (fo=1, routed)           0.000     8.630    uart_driver/receiver/FSM_sequential_state_reg[1]_i_1_n_0
    SLICE_X5Y86          FDCE                                         r  uart_driver/receiver/FSM_sequential_state_reg_reg[1]/D
  -------------------------------------------------------------------    -------------------

                         (clock sys_clk_pin rise edge)
                                                      0.000     0.000 r  
    E3                                                0.000     0.000 r  clk (IN)
                         net (fo=0)                   0.000     0.000    clk
    E3                   IBUF (Prop_ibuf_I_O)         1.411     1.411 r  clk_IBUF_inst/O
                         net (fo=1, routed)           1.920     3.331    clk_IBUF
    BUFGCTRL_X0Y16       BUFG (Prop_bufg_I_O)         0.091     3.422 r  clk_IBUF_BUFG_inst/O
                         net (fo=244, routed)         1.598     5.021    uart_driver/receiver/clk_IBUF_BUFG
    SLICE_X5Y86          FDCE                                         r  uart_driver/receiver/FSM_sequential_state_reg_reg[1]/C

Slack:                    inf
  Source:                 rx
                            (input port)
  Destination:            uart_driver/receiver/FSM_sequential_state_reg_reg[0]/D
                            (rising edge-triggered cell FDCE clocked by sys_clk_pin  {rise@0.000ns fall@5.000ns period=10.000ns})
  Path Group:             (none)
  Path Type:              Setup (Max at Slow Process Corner)
  Data Path Delay:        7.875ns  (logic 1.974ns (25.064%)  route 5.901ns (74.936%))
  Logic Levels:           3  (IBUF=1 LUT3=1 LUT6=1)
  Clock Path Skew:        5.022ns (DCD - SCD + CPR)
    Destination Clock Delay (DCD):    5.022ns
    Source Clock Delay      (SCD):    0.000ns
    Clock Pessimism Removal (CPR):    0.000ns
  Clock Uncertainty:      0.025ns  ((TSJ^2 + TIJ^2)^1/2 + DJ) / 2 + PE
    Total System Jitter     (TSJ):    0.050ns
    Total Input Jitter      (TIJ):    0.000ns
    Discrete Jitter          (DJ):    0.000ns
    Phase Error              (PE):    0.000ns

    Location             Delay type                Incr(ns)  Path(ns)    Netlist Resource(s)
  -------------------------------------------------------------------    -------------------
    C4                                                0.000     0.000 f  rx (IN)
                         net (fo=0)                   0.000     0.000    rx
    C4                   IBUF (Prop_ibuf_I_O)         1.490     1.490 f  rx_IBUF_inst/O
                         net (fo=3, routed)           5.244     6.734    uart_driver/receiver/D[0]
    SLICE_X4Y87          LUT3 (Prop_lut3_I2_O)        0.152     6.886 r  uart_driver/receiver/FSM_sequential_state_reg[0]_i_3/O
                         net (fo=2, routed)           0.657     7.543    uart_driver/baud_rate_generator/FSM_sequential_state_reg_reg[0]_2
    SLICE_X4Y87          LUT6 (Prop_lut6_I2_O)        0.332     7.875 r  uart_driver/baud_rate_generator/FSM_sequential_state_reg[0]_i_1/O
                         net (fo=1, routed)           0.000     7.875    uart_driver/receiver/FSM_sequential_state_reg_reg[0]_2
    SLICE_X4Y87          FDCE                                         r  uart_driver/receiver/FSM_sequential_state_reg_reg[0]/D
  -------------------------------------------------------------------    -------------------

                         (clock sys_clk_pin rise edge)
                                                      0.000     0.000 r  
    E3                                                0.000     0.000 r  clk (IN)
                         net (fo=0)                   0.000     0.000    clk
    E3                   IBUF (Prop_ibuf_I_O)         1.411     1.411 r  clk_IBUF_inst/O
                         net (fo=1, routed)           1.920     3.331    clk_IBUF
    BUFGCTRL_X0Y16       BUFG (Prop_bufg_I_O)         0.091     3.422 r  clk_IBUF_BUFG_inst/O
                         net (fo=244, routed)         1.599     5.022    uart_driver/receiver/clk_IBUF_BUFG
    SLICE_X4Y87          FDCE                                         r  uart_driver/receiver/FSM_sequential_state_reg_reg[0]/C

Slack:                    inf
  Source:                 rx
                            (input port)
  Destination:            uart_driver/receiver/s_reg_reg[0]/CE
                            (rising edge-triggered cell FDCE clocked by sys_clk_pin  {rise@0.000ns fall@5.000ns period=10.000ns})
  Path Group:             (none)
  Path Type:              Setup (Max at Slow Process Corner)
  Data Path Delay:        7.441ns  (logic 1.614ns (21.685%)  route 5.828ns (78.315%))
  Logic Levels:           2  (IBUF=1 LUT6=1)
  Clock Path Skew:        5.023ns (DCD - SCD + CPR)
    Destination Clock Delay (DCD):    5.023ns
    Source Clock Delay      (SCD):    0.000ns
    Clock Pessimism Removal (CPR):    0.000ns
  Clock Uncertainty:      0.025ns  ((TSJ^2 + TIJ^2)^1/2 + DJ) / 2 + PE
    Total System Jitter     (TSJ):    0.050ns
    Total Input Jitter      (TIJ):    0.000ns
    Discrete Jitter          (DJ):    0.000ns
    Phase Error              (PE):    0.000ns

    Location             Delay type                Incr(ns)  Path(ns)    Netlist Resource(s)
  -------------------------------------------------------------------    -------------------
    C4                                                0.000     0.000 f  rx (IN)
                         net (fo=0)                   0.000     0.000    rx
    C4                   IBUF (Prop_ibuf_I_O)         1.490     1.490 f  rx_IBUF_inst/O
                         net (fo=3, routed)           5.408     6.898    uart_driver/receiver/D[0]
    SLICE_X2Y86          LUT6 (Prop_lut6_I0_O)        0.124     7.022 r  uart_driver/receiver/s_reg[3]_i_1__0/O
                         net (fo=4, routed)           0.419     7.441    uart_driver/receiver/s_next
    SLICE_X3Y86          FDCE                                         r  uart_driver/receiver/s_reg_reg[0]/CE
  -------------------------------------------------------------------    -------------------

                         (clock sys_clk_pin rise edge)
                                                      0.000     0.000 r  
    E3                                                0.000     0.000 r  clk (IN)
                         net (fo=0)                   0.000     0.000    clk
    E3                   IBUF (Prop_ibuf_I_O)         1.411     1.411 r  clk_IBUF_inst/O
                         net (fo=1, routed)           1.920     3.331    clk_IBUF
    BUFGCTRL_X0Y16       BUFG (Prop_bufg_I_O)         0.091     3.422 r  clk_IBUF_BUFG_inst/O
                         net (fo=244, routed)         1.600     5.023    uart_driver/receiver/clk_IBUF_BUFG
    SLICE_X3Y86          FDCE                                         r  uart_driver/receiver/s_reg_reg[0]/C

Slack:                    inf
  Source:                 rx
                            (input port)
  Destination:            uart_driver/receiver/s_reg_reg[3]/CE
                            (rising edge-triggered cell FDCE clocked by sys_clk_pin  {rise@0.000ns fall@5.000ns period=10.000ns})
  Path Group:             (none)
  Path Type:              Setup (Max at Slow Process Corner)
  Data Path Delay:        7.441ns  (logic 1.614ns (21.685%)  route 5.828ns (78.315%))
  Logic Levels:           2  (IBUF=1 LUT6=1)
  Clock Path Skew:        5.023ns (DCD - SCD + CPR)
    Destination Clock Delay (DCD):    5.023ns
    Source Clock Delay      (SCD):    0.000ns
    Clock Pessimism Removal (CPR):    0.000ns
  Clock Uncertainty:      0.025ns  ((TSJ^2 + TIJ^2)^1/2 + DJ) / 2 + PE
    Total System Jitter     (TSJ):    0.050ns
    Total Input Jitter      (TIJ):    0.000ns
    Discrete Jitter          (DJ):    0.000ns
    Phase Error              (PE):    0.000ns

    Location             Delay type                Incr(ns)  Path(ns)    Netlist Resource(s)
  -------------------------------------------------------------------    -------------------
    C4                                                0.000     0.000 f  rx (IN)
                         net (fo=0)                   0.000     0.000    rx
    C4                   IBUF (Prop_ibuf_I_O)         1.490     1.490 f  rx_IBUF_inst/O
                         net (fo=3, routed)           5.408     6.898    uart_driver/receiver/D[0]
    SLICE_X2Y86          LUT6 (Prop_lut6_I0_O)        0.124     7.022 r  uart_driver/receiver/s_reg[3]_i_1__0/O
                         net (fo=4, routed)           0.419     7.441    uart_driver/receiver/s_next
    SLICE_X3Y86          FDCE                                         r  uart_driver/receiver/s_reg_reg[3]/CE
  -------------------------------------------------------------------    -------------------

                         (clock sys_clk_pin rise edge)
                                                      0.000     0.000 r  
    E3                                                0.000     0.000 r  clk (IN)
                         net (fo=0)                   0.000     0.000    clk
    E3                   IBUF (Prop_ibuf_I_O)         1.411     1.411 r  clk_IBUF_inst/O
                         net (fo=1, routed)           1.920     3.331    clk_IBUF
    BUFGCTRL_X0Y16       BUFG (Prop_bufg_I_O)         0.091     3.422 r  clk_IBUF_BUFG_inst/O
                         net (fo=244, routed)         1.600     5.023    uart_driver/receiver/clk_IBUF_BUFG
    SLICE_X3Y86          FDCE                                         r  uart_driver/receiver/s_reg_reg[3]/C

Slack:                    inf
  Source:                 rx
                            (input port)
  Destination:            uart_driver/receiver/s_reg_reg[1]/CE
                            (rising edge-triggered cell FDCE clocked by sys_clk_pin  {rise@0.000ns fall@5.000ns period=10.000ns})
  Path Group:             (none)
  Path Type:              Setup (Max at Slow Process Corner)
  Data Path Delay:        7.353ns  (logic 1.614ns (21.946%)  route 5.739ns (78.054%))
  Logic Levels:           2  (IBUF=1 LUT6=1)
  Clock Path Skew:        5.024ns (DCD - SCD + CPR)
    Destination Clock Delay (DCD):    5.024ns
    Source Clock Delay      (SCD):    0.000ns
    Clock Pessimism Removal (CPR):    0.000ns
  Clock Uncertainty:      0.025ns  ((TSJ^2 + TIJ^2)^1/2 + DJ) / 2 + PE
    Total System Jitter     (TSJ):    0.050ns
    Total Input Jitter      (TIJ):    0.000ns
    Discrete Jitter          (DJ):    0.000ns
    Phase Error              (PE):    0.000ns

    Location             Delay type                Incr(ns)  Path(ns)    Netlist Resource(s)
  -------------------------------------------------------------------    -------------------
    C4                                                0.000     0.000 f  rx (IN)
                         net (fo=0)                   0.000     0.000    rx
    C4                   IBUF (Prop_ibuf_I_O)         1.490     1.490 f  rx_IBUF_inst/O
                         net (fo=3, routed)           5.408     6.898    uart_driver/receiver/D[0]
    SLICE_X2Y86          LUT6 (Prop_lut6_I0_O)        0.124     7.022 r  uart_driver/receiver/s_reg[3]_i_1__0/O
                         net (fo=4, routed)           0.331     7.353    uart_driver/receiver/s_next
    SLICE_X2Y87          FDCE                                         r  uart_driver/receiver/s_reg_reg[1]/CE
  -------------------------------------------------------------------    -------------------

                         (clock sys_clk_pin rise edge)
                                                      0.000     0.000 r  
    E3                                                0.000     0.000 r  clk (IN)
                         net (fo=0)                   0.000     0.000    clk
    E3                   IBUF (Prop_ibuf_I_O)         1.411     1.411 r  clk_IBUF_inst/O
                         net (fo=1, routed)           1.920     3.331    clk_IBUF
    BUFGCTRL_X0Y16       BUFG (Prop_bufg_I_O)         0.091     3.422 r  clk_IBUF_BUFG_inst/O
                         net (fo=244, routed)         1.601     5.024    uart_driver/receiver/clk_IBUF_BUFG
    SLICE_X2Y87          FDCE                                         r  uart_driver/receiver/s_reg_reg[1]/C

Slack:                    inf
  Source:                 rx
                            (input port)
  Destination:            uart_driver/receiver/s_reg_reg[2]/CE
                            (rising edge-triggered cell FDCE clocked by sys_clk_pin  {rise@0.000ns fall@5.000ns period=10.000ns})
  Path Group:             (none)
  Path Type:              Setup (Max at Slow Process Corner)
  Data Path Delay:        7.353ns  (logic 1.614ns (21.946%)  route 5.739ns (78.054%))
  Logic Levels:           2  (IBUF=1 LUT6=1)
  Clock Path Skew:        5.024ns (DCD - SCD + CPR)
    Destination Clock Delay (DCD):    5.024ns
    Source Clock Delay      (SCD):    0.000ns
    Clock Pessimism Removal (CPR):    0.000ns
  Clock Uncertainty:      0.025ns  ((TSJ^2 + TIJ^2)^1/2 + DJ) / 2 + PE
    Total System Jitter     (TSJ):    0.050ns
    Total Input Jitter      (TIJ):    0.000ns
    Discrete Jitter          (DJ):    0.000ns
    Phase Error              (PE):    0.000ns

    Location             Delay type                Incr(ns)  Path(ns)    Netlist Resource(s)
  -------------------------------------------------------------------    -------------------
    C4                                                0.000     0.000 f  rx (IN)
                         net (fo=0)                   0.000     0.000    rx
    C4                   IBUF (Prop_ibuf_I_O)         1.490     1.490 f  rx_IBUF_inst/O
                         net (fo=3, routed)           5.408     6.898    uart_driver/receiver/D[0]
    SLICE_X2Y86          LUT6 (Prop_lut6_I0_O)        0.124     7.022 r  uart_driver/receiver/s_reg[3]_i_1__0/O
                         net (fo=4, routed)           0.331     7.353    uart_driver/receiver/s_next
    SLICE_X2Y87          FDCE                                         r  uart_driver/receiver/s_reg_reg[2]/CE
  -------------------------------------------------------------------    -------------------

                         (clock sys_clk_pin rise edge)
                                                      0.000     0.000 r  
    E3                                                0.000     0.000 r  clk (IN)
                         net (fo=0)                   0.000     0.000    clk
    E3                   IBUF (Prop_ibuf_I_O)         1.411     1.411 r  clk_IBUF_inst/O
                         net (fo=1, routed)           1.920     3.331    clk_IBUF
    BUFGCTRL_X0Y16       BUFG (Prop_bufg_I_O)         0.091     3.422 r  clk_IBUF_BUFG_inst/O
                         net (fo=244, routed)         1.601     5.024    uart_driver/receiver/clk_IBUF_BUFG
    SLICE_X2Y87          FDCE                                         r  uart_driver/receiver/s_reg_reg[2]/C

Slack:                    inf
  Source:                 reset_n
                            (input port)
  Destination:            <hidden>
                            (rising edge-triggered cell FDRE clocked by sys_clk_pin  {rise@0.000ns fall@5.000ns period=10.000ns})
  Path Group:             (none)
  Path Type:              Setup (Max at Slow Process Corner)
  Data Path Delay:        7.246ns  (logic 1.624ns (22.414%)  route 5.622ns (77.586%))
  Logic Levels:           2  (IBUF=1 LUT1=1)
  Clock Path Skew:        4.946ns (DCD - SCD + CPR)
    Destination Clock Delay (DCD):    4.946ns
    Source Clock Delay      (SCD):    0.000ns
    Clock Pessimism Removal (CPR):    0.000ns
  Clock Uncertainty:      0.025ns  ((TSJ^2 + TIJ^2)^1/2 + DJ) / 2 + PE
    Total System Jitter     (TSJ):    0.050ns
    Total Input Jitter      (TIJ):    0.000ns
    Discrete Jitter          (DJ):    0.000ns
    Phase Error              (PE):    0.000ns

    Location             Delay type                Incr(ns)  Path(ns)    Netlist Resource(s)
  -------------------------------------------------------------------    -------------------
    C12                                               0.000     0.000 f  reset_n (IN)
                         net (fo=0)                   0.000     0.000    reset_n
    C12                  IBUF (Prop_ibuf_I_O)         1.507     1.507 f  reset_n_IBUF_inst/O
                         net (fo=5, routed)           3.424     4.931    uart_driver/transmitter/reset_n_IBUF
    SLICE_X8Y86          LUT1 (Prop_lut1_I0_O)        0.117     5.048 r  uart_driver/transmitter/FSM_sequential_state_reg[1]_i_2/O
                         net (fo=198, routed)         2.197     7.246    <hidden>
    SLICE_X8Y92          FDRE                                         r  <hidden>
  -------------------------------------------------------------------    -------------------

                         (clock sys_clk_pin rise edge)
                                                      0.000     0.000 r  
    E3                                                0.000     0.000 r  clk (IN)
                         net (fo=0)                   0.000     0.000    clk
    E3                   IBUF (Prop_ibuf_I_O)         1.411     1.411 r  clk_IBUF_inst/O
                         net (fo=1, routed)           1.920     3.331    clk_IBUF
    BUFGCTRL_X0Y16       BUFG (Prop_bufg_I_O)         0.091     3.422 r  clk_IBUF_BUFG_inst/O
                         net (fo=244, routed)         1.523     4.946    <hidden>
    SLICE_X8Y92          FDRE                                         r  <hidden>

Slack:                    inf
  Source:                 reset_n
                            (input port)
  Destination:            <hidden>
                            (rising edge-triggered cell FDRE clocked by sys_clk_pin  {rise@0.000ns fall@5.000ns period=10.000ns})
  Path Group:             (none)
  Path Type:              Setup (Max at Slow Process Corner)
  Data Path Delay:        7.246ns  (logic 1.624ns (22.414%)  route 5.622ns (77.586%))
  Logic Levels:           2  (IBUF=1 LUT1=1)
  Clock Path Skew:        4.946ns (DCD - SCD + CPR)
    Destination Clock Delay (DCD):    4.946ns
    Source Clock Delay      (SCD):    0.000ns
    Clock Pessimism Removal (CPR):    0.000ns
  Clock Uncertainty:      0.025ns  ((TSJ^2 + TIJ^2)^1/2 + DJ) / 2 + PE
    Total System Jitter     (TSJ):    0.050ns
    Total Input Jitter      (TIJ):    0.000ns
    Discrete Jitter          (DJ):    0.000ns
    Phase Error              (PE):    0.000ns

    Location             Delay type                Incr(ns)  Path(ns)    Netlist Resource(s)
  -------------------------------------------------------------------    -------------------
    C12                                               0.000     0.000 f  reset_n (IN)
                         net (fo=0)                   0.000     0.000    reset_n
    C12                  IBUF (Prop_ibuf_I_O)         1.507     1.507 f  reset_n_IBUF_inst/O
                         net (fo=5, routed)           3.424     4.931    uart_driver/transmitter/reset_n_IBUF
    SLICE_X8Y86          LUT1 (Prop_lut1_I0_O)        0.117     5.048 r  uart_driver/transmitter/FSM_sequential_state_reg[1]_i_2/O
                         net (fo=198, routed)         2.197     7.246    <hidden>
    SLICE_X8Y92          FDRE                                         r  <hidden>
  -------------------------------------------------------------------    -------------------

                         (clock sys_clk_pin rise edge)
                                                      0.000     0.000 r  
    E3                                                0.000     0.000 r  clk (IN)
                         net (fo=0)                   0.000     0.000    clk
    E3                   IBUF (Prop_ibuf_I_O)         1.411     1.411 r  clk_IBUF_inst/O
                         net (fo=1, routed)           1.920     3.331    clk_IBUF
    BUFGCTRL_X0Y16       BUFG (Prop_bufg_I_O)         0.091     3.422 r  clk_IBUF_BUFG_inst/O
                         net (fo=244, routed)         1.523     4.946    <hidden>
    SLICE_X8Y92          FDRE                                         r  <hidden>

Slack:                    inf
  Source:                 reset_n
                            (input port)
  Destination:            <hidden>
                            (rising edge-triggered cell FDSE clocked by sys_clk_pin  {rise@0.000ns fall@5.000ns period=10.000ns})
  Path Group:             (none)
  Path Type:              Setup (Max at Slow Process Corner)
  Data Path Delay:        7.246ns  (logic 1.624ns (22.414%)  route 5.622ns (77.586%))
  Logic Levels:           2  (IBUF=1 LUT1=1)
  Clock Path Skew:        4.946ns (DCD - SCD + CPR)
    Destination Clock Delay (DCD):    4.946ns
    Source Clock Delay      (SCD):    0.000ns
    Clock Pessimism Removal (CPR):    0.000ns
  Clock Uncertainty:      0.025ns  ((TSJ^2 + TIJ^2)^1/2 + DJ) / 2 + PE
    Total System Jitter     (TSJ):    0.050ns
    Total Input Jitter      (TIJ):    0.000ns
    Discrete Jitter          (DJ):    0.000ns
    Phase Error              (PE):    0.000ns

    Location             Delay type                Incr(ns)  Path(ns)    Netlist Resource(s)
  -------------------------------------------------------------------    -------------------
    C12                                               0.000     0.000 f  reset_n (IN)
                         net (fo=0)                   0.000     0.000    reset_n
    C12                  IBUF (Prop_ibuf_I_O)         1.507     1.507 f  reset_n_IBUF_inst/O
                         net (fo=5, routed)           3.424     4.931    uart_driver/transmitter/reset_n_IBUF
    SLICE_X8Y86          LUT1 (Prop_lut1_I0_O)        0.117     5.048 r  uart_driver/transmitter/FSM_sequential_state_reg[1]_i_2/O
                         net (fo=198, routed)         2.197     7.246    <hidden>
    SLICE_X9Y92          FDSE                                         r  <hidden>
  -------------------------------------------------------------------    -------------------

                         (clock sys_clk_pin rise edge)
                                                      0.000     0.000 r  
    E3                                                0.000     0.000 r  clk (IN)
                         net (fo=0)                   0.000     0.000    clk
    E3                   IBUF (Prop_ibuf_I_O)         1.411     1.411 r  clk_IBUF_inst/O
                         net (fo=1, routed)           1.920     3.331    clk_IBUF
    BUFGCTRL_X0Y16       BUFG (Prop_bufg_I_O)         0.091     3.422 r  clk_IBUF_BUFG_inst/O
                         net (fo=244, routed)         1.523     4.946    <hidden>
    SLICE_X9Y92          FDSE                                         r  <hidden>

Slack:                    inf
  Source:                 reset_n
                            (input port)
  Destination:            <hidden>
                            (rising edge-triggered cell FDRE clocked by sys_clk_pin  {rise@0.000ns fall@5.000ns period=10.000ns})
  Path Group:             (none)
  Path Type:              Setup (Max at Slow Process Corner)
  Data Path Delay:        7.246ns  (logic 1.624ns (22.414%)  route 5.622ns (77.586%))
  Logic Levels:           2  (IBUF=1 LUT1=1)
  Clock Path Skew:        4.946ns (DCD - SCD + CPR)
    Destination Clock Delay (DCD):    4.946ns
    Source Clock Delay      (SCD):    0.000ns
    Clock Pessimism Removal (CPR):    0.000ns
  Clock Uncertainty:      0.025ns  ((TSJ^2 + TIJ^2)^1/2 + DJ) / 2 + PE
    Total System Jitter     (TSJ):    0.050ns
    Total Input Jitter      (TIJ):    0.000ns
    Discrete Jitter          (DJ):    0.000ns
    Phase Error              (PE):    0.000ns

    Location             Delay type                Incr(ns)  Path(ns)    Netlist Resource(s)
  -------------------------------------------------------------------    -------------------
    C12                                               0.000     0.000 f  reset_n (IN)
                         net (fo=0)                   0.000     0.000    reset_n
    C12                  IBUF (Prop_ibuf_I_O)         1.507     1.507 f  reset_n_IBUF_inst/O
                         net (fo=5, routed)           3.424     4.931    uart_driver/transmitter/reset_n_IBUF
    SLICE_X8Y86          LUT1 (Prop_lut1_I0_O)        0.117     5.048 r  uart_driver/transmitter/FSM_sequential_state_reg[1]_i_2/O
                         net (fo=198, routed)         2.197     7.246    <hidden>
    SLICE_X9Y92          FDRE                                         r  <hidden>
  -------------------------------------------------------------------    -------------------

                         (clock sys_clk_pin rise edge)
                                                      0.000     0.000 r  
    E3                                                0.000     0.000 r  clk (IN)
                         net (fo=0)                   0.000     0.000    clk
    E3                   IBUF (Prop_ibuf_I_O)         1.411     1.411 r  clk_IBUF_inst/O
                         net (fo=1, routed)           1.920     3.331    clk_IBUF
    BUFGCTRL_X0Y16       BUFG (Prop_bufg_I_O)         0.091     3.422 r  clk_IBUF_BUFG_inst/O
                         net (fo=244, routed)         1.523     4.946    <hidden>
    SLICE_X9Y92          FDRE                                         r  <hidden>





Min Delay Paths
--------------------------------------------------------------------------------------
Slack:                    inf
  Source:                 wr_uart
                            (input port)
  Destination:            write_uart/SYNCH0/Q_reg_reg[1]/D
                            (rising edge-triggered cell FDCE clocked by sys_clk_pin  {rise@0.000ns fall@5.000ns period=10.000ns})
  Path Group:             (none)
  Path Type:              Hold (Min at Fast Process Corner)
  Data Path Delay:        0.679ns  (logic 0.235ns (34.678%)  route 0.443ns (65.322%))
  Logic Levels:           1  (IBUF=1)
  Clock Path Skew:        2.033ns (DCD - SCD - CPR)
    Destination Clock Delay (DCD):    2.033ns
    Source Clock Delay      (SCD):    0.000ns
    Clock Pessimism Removal (CPR):    -0.000ns

    Location             Delay type                Incr(ns)  Path(ns)    Netlist Resource(s)
  -------------------------------------------------------------------    -------------------
    M17                                               0.000     0.000 r  wr_uart (IN)
                         net (fo=0)                   0.000     0.000    wr_uart
    M17                  IBUF (Prop_ibuf_I_O)         0.235     0.235 r  wr_uart_IBUF_inst/O
                         net (fo=1, routed)           0.443     0.679    write_uart/SYNCH0/D[0]
    SLICE_X4Y84          FDCE                                         r  write_uart/SYNCH0/Q_reg_reg[1]/D
  -------------------------------------------------------------------    -------------------

                         (clock sys_clk_pin rise edge)
                                                      0.000     0.000 r  
    E3                                                0.000     0.000 r  clk (IN)
                         net (fo=0)                   0.000     0.000    clk
    E3                   IBUF (Prop_ibuf_I_O)         0.438     0.438 r  clk_IBUF_inst/O
                         net (fo=1, routed)           0.699     1.136    clk_IBUF
    BUFGCTRL_X0Y16       BUFG (Prop_bufg_I_O)         0.029     1.165 r  clk_IBUF_BUFG_inst/O
                         net (fo=244, routed)         0.868     2.033    write_uart/SYNCH0/clk_IBUF_BUFG
    SLICE_X4Y84          FDCE                                         r  write_uart/SYNCH0/Q_reg_reg[1]/C

Slack:                    inf
  Source:                 rd_uart
                            (input port)
  Destination:            read_uart/SYNCH0/Q_reg_reg[1]/D
                            (rising edge-triggered cell FDCE clocked by sys_clk_pin  {rise@0.000ns fall@5.000ns period=10.000ns})
  Path Group:             (none)
  Path Type:              Hold (Min at Fast Process Corner)
  Data Path Delay:        0.766ns  (logic 0.256ns (33.382%)  route 0.510ns (66.618%))
  Logic Levels:           1  (IBUF=1)
  Clock Path Skew:        2.037ns (DCD - SCD - CPR)
    Destination Clock Delay (DCD):    2.037ns
    Source Clock Delay      (SCD):    0.000ns
    Clock Pessimism Removal (CPR):    -0.000ns

    Location             Delay type                Incr(ns)  Path(ns)    Netlist Resource(s)
  -------------------------------------------------------------------    -------------------
    P17                                               0.000     0.000 r  rd_uart (IN)
                         net (fo=0)                   0.000     0.000    rd_uart
    P17                  IBUF (Prop_ibuf_I_O)         0.256     0.256 r  rd_uart_IBUF_inst/O
                         net (fo=1, routed)           0.510     0.766    read_uart/SYNCH0/D[0]
    SLICE_X1Y86          FDCE                                         r  read_uart/SYNCH0/Q_reg_reg[1]/D
  -------------------------------------------------------------------    -------------------

                         (clock sys_clk_pin rise edge)
                                                      0.000     0.000 r  
    E3                                                0.000     0.000 r  clk (IN)
                         net (fo=0)                   0.000     0.000    clk
    E3                   IBUF (Prop_ibuf_I_O)         0.438     0.438 r  clk_IBUF_inst/O
                         net (fo=1, routed)           0.699     1.136    clk_IBUF
    BUFGCTRL_X0Y16       BUFG (Prop_bufg_I_O)         0.029     1.165 r  clk_IBUF_BUFG_inst/O
                         net (fo=244, routed)         0.872     2.037    read_uart/SYNCH0/clk_IBUF_BUFG
    SLICE_X1Y86          FDCE                                         r  read_uart/SYNCH0/Q_reg_reg[1]/C

Slack:                    inf
  Source:                 w_data[5]
                            (input port)
  Destination:            <hidden>
                            (rising edge-triggered cell RAMB18E1 clocked by sys_clk_pin  {rise@0.000ns fall@5.000ns period=10.000ns})
  Path Group:             (none)
  Path Type:              Hold (Min at Fast Process Corner)
  Data Path Delay:        0.797ns  (logic 0.265ns (33.256%)  route 0.532ns (66.744%))
  Logic Levels:           1  (IBUF=1)
  Clock Path Skew:        2.051ns (DCD - SCD - CPR)
    Destination Clock Delay (DCD):    2.051ns
    Source Clock Delay      (SCD):    0.000ns
    Clock Pessimism Removal (CPR):    -0.000ns

    Location             Delay type                Incr(ns)  Path(ns)    Netlist Resource(s)
  -------------------------------------------------------------------    -------------------
    T18                                               0.000     0.000 r  w_data[5] (IN)
                         net (fo=0)                   0.000     0.000    w_data[5]
    T18                  IBUF (Prop_ibuf_I_O)         0.265     0.265 r  w_data_IBUF[5]_inst/O
                         net (fo=2, routed)           0.532     0.797    <hidden>
    RAMB18_X0Y34         RAMB18E1                                     r  <hidden>
  -------------------------------------------------------------------    -------------------

                         (clock sys_clk_pin rise edge)
                                                      0.000     0.000 r  
    E3                                                0.000     0.000 r  clk (IN)
                         net (fo=0)                   0.000     0.000    clk
    E3                   IBUF (Prop_ibuf_I_O)         0.438     0.438 r  clk_IBUF_inst/O
                         net (fo=1, routed)           0.699     1.136    clk_IBUF
    BUFGCTRL_X0Y16       BUFG (Prop_bufg_I_O)         0.029     1.165 r  clk_IBUF_BUFG_inst/O
                         net (fo=244, routed)         0.886     2.051    <hidden>
    RAMB18_X0Y34         RAMB18E1                                     r  <hidden>

Slack:                    inf
  Source:                 w_data[2]
                            (input port)
  Destination:            <hidden>
                            (rising edge-triggered cell RAMB18E1 clocked by sys_clk_pin  {rise@0.000ns fall@5.000ns period=10.000ns})
  Path Group:             (none)
  Path Type:              Hold (Min at Fast Process Corner)
  Data Path Delay:        0.818ns  (logic 0.253ns (30.932%)  route 0.565ns (69.068%))
  Logic Levels:           1  (IBUF=1)
  Clock Path Skew:        2.051ns (DCD - SCD - CPR)
    Destination Clock Delay (DCD):    2.051ns
    Source Clock Delay      (SCD):    0.000ns
    Clock Pessimism Removal (CPR):    -0.000ns

    Location             Delay type                Incr(ns)  Path(ns)    Netlist Resource(s)
  -------------------------------------------------------------------    -------------------
    M13                                               0.000     0.000 r  w_data[2] (IN)
                         net (fo=0)                   0.000     0.000    w_data[2]
    M13                  IBUF (Prop_ibuf_I_O)         0.253     0.253 r  w_data_IBUF[2]_inst/O
                         net (fo=2, routed)           0.565     0.818    <hidden>
    RAMB18_X0Y34         RAMB18E1                                     r  <hidden>
  -------------------------------------------------------------------    -------------------

                         (clock sys_clk_pin rise edge)
                                                      0.000     0.000 r  
    E3                                                0.000     0.000 r  clk (IN)
                         net (fo=0)                   0.000     0.000    clk
    E3                   IBUF (Prop_ibuf_I_O)         0.438     0.438 r  clk_IBUF_inst/O
                         net (fo=1, routed)           0.699     1.136    clk_IBUF
    BUFGCTRL_X0Y16       BUFG (Prop_bufg_I_O)         0.029     1.165 r  clk_IBUF_BUFG_inst/O
                         net (fo=244, routed)         0.886     2.051    <hidden>
    RAMB18_X0Y34         RAMB18E1                                     r  <hidden>

Slack:                    inf
  Source:                 w_data[1]
                            (input port)
  Destination:            <hidden>
                            (rising edge-triggered cell RAMB18E1 clocked by sys_clk_pin  {rise@0.000ns fall@5.000ns period=10.000ns})
  Path Group:             (none)
  Path Type:              Hold (Min at Fast Process Corner)
  Data Path Delay:        0.875ns  (logic 0.247ns (28.263%)  route 0.628ns (71.737%))
  Logic Levels:           1  (IBUF=1)
  Clock Path Skew:        2.051ns (DCD - SCD - CPR)
    Destination Clock Delay (DCD):    2.051ns
    Source Clock Delay      (SCD):    0.000ns
    Clock Pessimism Removal (CPR):    -0.000ns

    Location             Delay type                Incr(ns)  Path(ns)    Netlist Resource(s)
  -------------------------------------------------------------------    -------------------
    L16                                               0.000     0.000 r  w_data[1] (IN)
                         net (fo=0)                   0.000     0.000    w_data[1]
    L16                  IBUF (Prop_ibuf_I_O)         0.247     0.247 r  w_data_IBUF[1]_inst/O
                         net (fo=2, routed)           0.628     0.875    <hidden>
    RAMB18_X0Y34         RAMB18E1                                     r  <hidden>
  -------------------------------------------------------------------    -------------------

                         (clock sys_clk_pin rise edge)
                                                      0.000     0.000 r  
    E3                                                0.000     0.000 r  clk (IN)
                         net (fo=0)                   0.000     0.000    clk
    E3                   IBUF (Prop_ibuf_I_O)         0.438     0.438 r  clk_IBUF_inst/O
                         net (fo=1, routed)           0.699     1.136    clk_IBUF
    BUFGCTRL_X0Y16       BUFG (Prop_bufg_I_O)         0.029     1.165 r  clk_IBUF_BUFG_inst/O
                         net (fo=244, routed)         0.886     2.051    <hidden>
    RAMB18_X0Y34         RAMB18E1                                     r  <hidden>

Slack:                    inf
  Source:                 w_data[7]
                            (input port)
  Destination:            <hidden>
                            (rising edge-triggered cell RAMB18E1 clocked by sys_clk_pin  {rise@0.000ns fall@5.000ns period=10.000ns})
  Path Group:             (none)
  Path Type:              Hold (Min at Fast Process Corner)
  Data Path Delay:        0.889ns  (logic 0.275ns (30.994%)  route 0.613ns (69.006%))
  Logic Levels:           1  (IBUF=1)
  Clock Path Skew:        2.051ns (DCD - SCD - CPR)
    Destination Clock Delay (DCD):    2.051ns
    Source Clock Delay      (SCD):    0.000ns
    Clock Pessimism Removal (CPR):    -0.000ns

    Location             Delay type                Incr(ns)  Path(ns)    Netlist Resource(s)
  -------------------------------------------------------------------    -------------------
    R13                                               0.000     0.000 r  w_data[7] (IN)
                         net (fo=0)                   0.000     0.000    w_data[7]
    R13                  IBUF (Prop_ibuf_I_O)         0.275     0.275 r  w_data_IBUF[7]_inst/O
                         net (fo=2, routed)           0.613     0.889    <hidden>
    RAMB18_X0Y34         RAMB18E1                                     r  <hidden>
  -------------------------------------------------------------------    -------------------

                         (clock sys_clk_pin rise edge)
                                                      0.000     0.000 r  
    E3                                                0.000     0.000 r  clk (IN)
                         net (fo=0)                   0.000     0.000    clk
    E3                   IBUF (Prop_ibuf_I_O)         0.438     0.438 r  clk_IBUF_inst/O
                         net (fo=1, routed)           0.699     1.136    clk_IBUF
    BUFGCTRL_X0Y16       BUFG (Prop_bufg_I_O)         0.029     1.165 r  clk_IBUF_BUFG_inst/O
                         net (fo=244, routed)         0.886     2.051    <hidden>
    RAMB18_X0Y34         RAMB18E1                                     r  <hidden>

Slack:                    inf
  Source:                 w_data[3]
                            (input port)
  Destination:            <hidden>
                            (rising edge-triggered cell RAMB18E1 clocked by sys_clk_pin  {rise@0.000ns fall@5.000ns period=10.000ns})
  Path Group:             (none)
  Path Type:              Hold (Min at Fast Process Corner)
  Data Path Delay:        0.973ns  (logic 0.245ns (25.195%)  route 0.727ns (74.805%))
  Logic Levels:           1  (IBUF=1)
  Clock Path Skew:        2.051ns (DCD - SCD - CPR)
    Destination Clock Delay (DCD):    2.051ns
    Source Clock Delay      (SCD):    0.000ns
    Clock Pessimism Removal (CPR):    -0.000ns

    Location             Delay type                Incr(ns)  Path(ns)    Netlist Resource(s)
  -------------------------------------------------------------------    -------------------
    R15                                               0.000     0.000 r  w_data[3] (IN)
                         net (fo=0)                   0.000     0.000    w_data[3]
    R15                  IBUF (Prop_ibuf_I_O)         0.245     0.245 r  w_data_IBUF[3]_inst/O
                         net (fo=2, routed)           0.727     0.973    <hidden>
    RAMB18_X0Y34         RAMB18E1                                     r  <hidden>
  -------------------------------------------------------------------    -------------------

                         (clock sys_clk_pin rise edge)
                                                      0.000     0.000 r  
    E3                                                0.000     0.000 r  clk (IN)
                         net (fo=0)                   0.000     0.000    clk
    E3                   IBUF (Prop_ibuf_I_O)         0.438     0.438 r  clk_IBUF_inst/O
                         net (fo=1, routed)           0.699     1.136    clk_IBUF
    BUFGCTRL_X0Y16       BUFG (Prop_bufg_I_O)         0.029     1.165 r  clk_IBUF_BUFG_inst/O
                         net (fo=244, routed)         0.886     2.051    <hidden>
    RAMB18_X0Y34         RAMB18E1                                     r  <hidden>

Slack:                    inf
  Source:                 w_data[4]
                            (input port)
  Destination:            <hidden>
                            (rising edge-triggered cell RAMB18E1 clocked by sys_clk_pin  {rise@0.000ns fall@5.000ns period=10.000ns})
  Path Group:             (none)
  Path Type:              Hold (Min at Fast Process Corner)
  Data Path Delay:        0.998ns  (logic 0.260ns (26.078%)  route 0.738ns (73.922%))
  Logic Levels:           1  (IBUF=1)
  Clock Path Skew:        2.051ns (DCD - SCD - CPR)
    Destination Clock Delay (DCD):    2.051ns
    Source Clock Delay      (SCD):    0.000ns
    Clock Pessimism Removal (CPR):    -0.000ns

    Location             Delay type                Incr(ns)  Path(ns)    Netlist Resource(s)
  -------------------------------------------------------------------    -------------------
    R17                                               0.000     0.000 r  w_data[4] (IN)
                         net (fo=0)                   0.000     0.000    w_data[4]
    R17                  IBUF (Prop_ibuf_I_O)         0.260     0.260 r  w_data_IBUF[4]_inst/O
                         net (fo=2, routed)           0.738     0.998    <hidden>
    RAMB18_X0Y34         RAMB18E1                                     r  <hidden>
  -------------------------------------------------------------------    -------------------

                         (clock sys_clk_pin rise edge)
                                                      0.000     0.000 r  
    E3                                                0.000     0.000 r  clk (IN)
                         net (fo=0)                   0.000     0.000    clk
    E3                   IBUF (Prop_ibuf_I_O)         0.438     0.438 r  clk_IBUF_inst/O
                         net (fo=1, routed)           0.699     1.136    clk_IBUF
    BUFGCTRL_X0Y16       BUFG (Prop_bufg_I_O)         0.029     1.165 r  clk_IBUF_BUFG_inst/O
                         net (fo=244, routed)         0.886     2.051    <hidden>
    RAMB18_X0Y34         RAMB18E1                                     r  <hidden>

Slack:                    inf
  Source:                 w_data[0]
                            (input port)
  Destination:            <hidden>
                            (rising edge-triggered cell RAMB18E1 clocked by sys_clk_pin  {rise@0.000ns fall@5.000ns period=10.000ns})
  Path Group:             (none)
  Path Type:              Hold (Min at Fast Process Corner)
  Data Path Delay:        1.041ns  (logic 0.245ns (23.574%)  route 0.796ns (76.426%))
  Logic Levels:           1  (IBUF=1)
  Clock Path Skew:        2.051ns (DCD - SCD - CPR)
    Destination Clock Delay (DCD):    2.051ns
    Source Clock Delay      (SCD):    0.000ns
    Clock Pessimism Removal (CPR):    -0.000ns

    Location             Delay type                Incr(ns)  Path(ns)    Netlist Resource(s)
  -------------------------------------------------------------------    -------------------
    J15                                               0.000     0.000 r  w_data[0] (IN)
                         net (fo=0)                   0.000     0.000    w_data[0]
    J15                  IBUF (Prop_ibuf_I_O)         0.245     0.245 r  w_data_IBUF[0]_inst/O
                         net (fo=2, routed)           0.796     1.041    <hidden>
    RAMB18_X0Y34         RAMB18E1                                     r  <hidden>
  -------------------------------------------------------------------    -------------------

                         (clock sys_clk_pin rise edge)
                                                      0.000     0.000 r  
    E3                                                0.000     0.000 r  clk (IN)
                         net (fo=0)                   0.000     0.000    clk
    E3                   IBUF (Prop_ibuf_I_O)         0.438     0.438 r  clk_IBUF_inst/O
                         net (fo=1, routed)           0.699     1.136    clk_IBUF
    BUFGCTRL_X0Y16       BUFG (Prop_bufg_I_O)         0.029     1.165 r  clk_IBUF_BUFG_inst/O
                         net (fo=244, routed)         0.886     2.051    <hidden>
    RAMB18_X0Y34         RAMB18E1                                     r  <hidden>

Slack:                    inf
  Source:                 w_data[6]
                            (input port)
  Destination:            <hidden>
                            (rising edge-triggered cell RAMB18E1 clocked by sys_clk_pin  {rise@0.000ns fall@5.000ns period=10.000ns})
  Path Group:             (none)
  Path Type:              Hold (Min at Fast Process Corner)
  Data Path Delay:        1.117ns  (logic 0.262ns (23.433%)  route 0.856ns (76.567%))
  Logic Levels:           1  (IBUF=1)
  Clock Path Skew:        2.051ns (DCD - SCD - CPR)
    Destination Clock Delay (DCD):    2.051ns
    Source Clock Delay      (SCD):    0.000ns
    Clock Pessimism Removal (CPR):    -0.000ns

    Location             Delay type                Incr(ns)  Path(ns)    Netlist Resource(s)
  -------------------------------------------------------------------    -------------------
    U18                                               0.000     0.000 r  w_data[6] (IN)
                         net (fo=0)                   0.000     0.000    w_data[6]
    U18                  IBUF (Prop_ibuf_I_O)         0.262     0.262 r  w_data_IBUF[6]_inst/O
                         net (fo=2, routed)           0.856     1.117    <hidden>
    RAMB18_X0Y34         RAMB18E1                                     r  <hidden>
  -------------------------------------------------------------------    -------------------

                         (clock sys_clk_pin rise edge)
                                                      0.000     0.000 r  
    E3                                                0.000     0.000 r  clk (IN)
                         net (fo=0)                   0.000     0.000    clk
    E3                   IBUF (Prop_ibuf_I_O)         0.438     0.438 r  clk_IBUF_inst/O
                         net (fo=1, routed)           0.699     1.136    clk_IBUF
    BUFGCTRL_X0Y16       BUFG (Prop_bufg_I_O)         0.029     1.165 r  clk_IBUF_BUFG_inst/O
                         net (fo=244, routed)         0.886     2.051    <hidden>
    RAMB18_X0Y34         RAMB18E1                                     r  <hidden>





